Shimmer	Shimmer	Shimmer	Shimmer	Shimmer	Shimmer	Shimmer	Shimmer	Shimmer	Shimmer	Shimmer	Shimmer	Shimmer	Shimmer	Shimmer	Shimmer	Shimmer	Shimmer	Shimmer	Shimmer	Shimmer	Shimmer	Shimmer	Shimmer	Shimmer	Shimmer	
Timestamp	Timestamp	Low Noise Accelerometer X	Low Noise Accelerometer X	Low Noise Accelerometer Y	Low Noise Accelerometer Y	Low Noise Accelerometer Z	Low Noise Accelerometer Z	Wide Range Accelerometer X	Wide Range Accelerometer X	Wide Range Accelerometer Y	Wide Range Accelerometer Y	Wide Range Accelerometer Z	Wide Range Accelerometer Z	Gyroscope X	Gyroscope X	Gyroscope Y	Gyroscope Y	Gyroscope Z	Gyroscope Z	Magnetometer X	Magnetometer X	Magnetometer Y	Magnetometer Y	Magnetometer Z	Magnetometer Z	
RAW	CAL	RAW	CAL	RAW	CAL	RAW	CAL	RAW	CAL	RAW	CAL	RAW	CAL	RAW	CAL	RAW	CAL	RAW	CAL	RAW	CAL	RAW	CAL	RAW	CAL	
no units	mSecs	no units	m/(sec^2)*	no units	m/(sec^2)*	no units	m/(sec^2)*	no units	m/(sec^2)*	no units	m/(sec^2)*	no units	m/(sec^2)*	no units	deg/sec*	no units	deg/sec*	no units	deg/sec*	no units	local*	no units	local*	no units	local*	
640	42000	1231	2,14457831325301	1869	9,83132530120482	1921	1,51807228915663	-3648	2,23666462293072	15936	-9,77069282648682	-2624	1,60882893930104	0	0	0	0	0	0	246	0,223636363636364	191	-0,173636363636364	-554	-0,56530612244898	
1280	42019,53125	1225	2,1566265060241	1868	9,90361445783133	1916	1,57831325301205	-3712	2,27590435315757	16000	-9,80993255671367	-2688	1,6480686695279	-5653	-69,1603053435115	4530	86,3053435114504	4847	-74	252	0,229090909090909	191	-0,173636363636364	-555	-0,566326530612245	
1920	42039,0625	1232	1,98795180722892	1882	9,81927710843374	1897	1,80722891566265	-3776	2,31514408338443	16000	-9,80993255671367	-2880	1,76578786020846	-1008	-10,6717557251908	699	15,3893129770992	-155	2,36641221374046	249	0,226363636363636	191	-0,173636363636364	-551	-0,562244897959184	
2560	42058,59375	1239	1,87951807228916	1891	9,73493975903614	1870	2,13253012048193	-3392	2,0797057020233	15680	-9,6137339055794	-3328	2,04046597179644	-1066	-10,8702290076336	712	16,2748091603053	-234	3,57251908396947	251	0,228181818181818	205	-0,186363636363636	-560	-0,571428571428572	
3200	42078,125	1238	1,87951807228916	1891	9,74698795180723	1878	2,03614457831325	-3456	2,11894543225015	15808	-9,69221336603311	-3520	2,15818516247701	-980	-11,4809160305344	752	14,9618320610687	-320	4,88549618320611	250	0,227272727272727	190	-0,172727272727273	-556	-0,56734693877551	
3840	42097,65625	1224	2,03614457831325	1878	9,91566265060241	1881	2	-3648	2,23666462293072	16064	-9,84917228694053	-3520	2,15818516247701	-955	-12,1068702290076	793	14,5801526717557	-294	4,48854961832061	242	0,22	210	-0,190909090909091	-558	-0,569387755102041	
4480	42117,1875	1224	1,92771084337349	1887	9,91566265060241	1890	1,89156626506024	-3584	2,19742489270386	16128	-9,88841201716738	-3200	1,96198651134273	-1037	-14,1374045801527	926	15,8320610687023	-189	2,88549618320611	237	0,215454545454545	212	-0,192727272727273	-555	-0,566326530612245	
5120	42136,71875	1225	2,02409638554217	1879	9,90361445783133	1896	1,81927710843374	-3456	2,11894543225015	16128	-9,88841201716738	-3136	1,92274678111588	-947	-16,412213740458	1075	14,4580152671756	-105	1,6030534351145	242	0,22	199	-0,180909090909091	-546	-0,557142857142857	
5760	42156,25	1234	1,93975903614458	1886	9,79518072289157	1903	1,73493975903614	-3648	2,23666462293072	16000	-9,80993255671367	-3072	1,88350705088903	-872	-17,2519083969466	1130	13,3129770992366	-86	1,31297709923664	240	0,218181818181818	211	-0,191818181818182	-548	-0,559183673469388	
6400	42175,78125	1252	1,85542168674699	1893	9,57831325301205	1900	1,7710843373494	-3392	2,0797057020233	15488	-9,49601471489883	-3136	1,92274678111588	-795	-19,1908396946565	1257	12,1374045801527	-144	2,19847328244275	245	0,222727272727273	189	-0,171818181818182	-541	-0,552040816326531	
7040	42195,3125	1253	1,68674698795181	1907	9,56626506024096	1883	1,97590361445783	-3136	1,92274678111588	15488	-9,49601471489883	-3136	1,92274678111588	-672	-17,4045801526718	1140	10,2595419847328	-146	2,22900763358779	241	0,219090909090909	192	-0,174545454545455	-538	-0,548979591836735	
7680	42214,84375	1265	1,78313253012048	1899	9,42168674698795	1887	1,92771084337349	-3200	1,96198651134273	15168	-9,29981606376456	-3200	1,96198651134273	-525	-16,3358778625954	1070	8,01526717557252	-127	1,93893129770992	249	0,226363636363636	199	-0,180909090909091	-543	-0,554081632653061	
8320	42234,375	1250	1,86746987951807	1892	9,60240963855422	1898	1,79518072289157	-3264	2,00122624156959	15616	-9,57449417535254	-3072	1,88350705088903	-447	-16,1374045801527	1057	6,82442748091603	-24	0,366412213740458	247	0,224545454545455	189	-0,171818181818182	-534	-0,544897959183674	
8960	42253,90625	1250	1,98795180722892	1882	9,60240963855422	1887	1,92771084337349	-3520	2,15818516247701	15680	-9,6137339055794	-3328	2,04046597179644	-444	-15,3587786259542	1006	6,77862595419847	91	-1,38931297709924	242	0,22	207	-0,188181818181818	-532	-0,542857142857143	
9600	42273,4375	1245	2,14457831325301	1869	9,66265060240964	1870	2,13253012048193	-3840	2,35438381361128	15680	-9,6137339055794	-3520	2,15818516247701	-542	-14,1832061068702	929	8,27480916030534	85	-1,29770992366412	245	0,222727272727273	201	-0,182727272727273	-533	-0,543877551020408	
10240	42292,96875	1246	2,14457831325301	1869	9,65060240963856	1866	2,18072289156627	-3904	2,39362354383814	15616	-9,57449417535254	-3584	2,19742489270386	-695	-12,3053435114504	806	10,6106870229008	55	-0,83969465648855	237	0,215454545454545	198	-0,18	-540	-0,551020408163265	
10880	42312,5	1253	1,81927710843374	1896	9,56626506024096	1859	2,26506024096386	-3264	2,00122624156959	15552	-9,53525444512569	-3840	2,35438381361128	-889	-12,0916030534351	792	13,5725190839695	14	-0,213740458015267	240	0,218181818181818	205	-0,186363636363636	-526	-0,536734693877551	
11520	42332,03125	1250	1,81927710843374	1896	9,60240963855422	1840	2,49397590361446	-3264	2,00122624156959	15488	-9,49601471489883	-4096	2,5113427345187	-991	-11,8778625954198	778	15,1297709923664	2	-0,0305343511450382	240	0,218181818181818	218	-0,198181818181818	-534	-0,544897959183674	
12160	42351,5625	1248	1,8433734939759	1894	9,62650602409639	1841	2,48192771084337	-3264	2,00122624156959	15552	-9,53525444512569	-4288	2,62906192519926	-881	-10,824427480916	709	13,4503816793893	48	-0,732824427480916	234	0,212727272727273	203	-0,184545454545455	-534	-0,544897959183674	
12800	42371,09375	1249	2	1881	9,6144578313253	1849	2,3855421686747	-3520	2,15818516247701	15552	-9,53525444512569	-4096	2,5113427345187	-884	-12,2137404580153	800	13,4961832061069	77	-1,17557251908397	243	0,220909090909091	189	-0,171818181818182	-526	-0,536734693877551	
13440	42390,625	1250	1,91566265060241	1888	9,60240963855422	1840	2,49397590361446	-3520	2,15818516247701	15616	-9,57449417535254	-4096	2,5113427345187	-926	-12,9160305343511	846	14,1374045801527	122	-1,86259541984733	235	0,213636363636364	219	-0,199090909090909	-529	-0,539795918367347	
14080	42410,15625	1251	1,85542168674699	1893	9,59036144578313	1833	2,57831325301205	-3392	2,0797057020233	15552	-9,53525444512569	-4288	2,62906192519926	-961	-13,587786259542	890	14,6717557251908	112	-1,70992366412214	241	0,219090909090909	201	-0,182727272727273	-526	-0,536734693877551	
14720	42429,6875	1248	1,86746987951807	1892	9,62650602409639	1822	2,71084337349398	-3456	2,11894543225015	15680	-9,6137339055794	-4544	2,78602084610668	-908	-14,0610687022901	921	13,8625954198473	79	-1,20610687022901	231	0,21	191	-0,173636363636364	-523	-0,533673469387755	
15360	42449,21875	1246	1,80722891566265	1897	9,65060240963856	1822	2,71084337349398	-3328	2,04046597179644	15488	-9,49601471489883	-4608	2,82526057633354	-805	-13,9847328244275	916	12,2900763358779	53	-0,809160305343511	236	0,214545454545455	203	-0,184545454545455	-516	-0,526530612244898	
16000	42468,75	1255	1,67469879518072	1908	9,54216867469879	1826	2,66265060240964	-3136	1,92274678111588	15616	-9,57449417535254	-4416	2,70754138565297	-677	-14,7328244274809	965	10,3358778625954	48	-0,732824427480916	238	0,216363636363636	201	-0,182727272727273	-519	-0,529591836734694	
16640	42488,28125	1260	1,79518072289157	1898	9,48192771084337	1828	2,63855421686747	-3200	1,96198651134273	15424	-9,45677498467198	-4672	2,86450030656039	-528	-15,8473282442748	1038	8,06106870229008	36	-0,549618320610687	230	0,209090909090909	198	-0,18	-515	-0,525510204081633	
17280	42507,8125	1264	1,87951807228916	1891	9,43373493975904	1822	2,71084337349398	-3456	2,11894543225015	15296	-9,37829552421827	-4672	2,86450030656039	-554	-14,5801526717557	955	8,45801526717557	120	-1,83206106870229	227	0,206363636363636	203	-0,184545454545455	-509	-0,519387755102041	
17920	42527,34375	1260	1,83132530120482	1895	9,48192771084337	1814	2,80722891566265	-3456	2,11894543225015	15424	-9,45677498467198	-4736	2,90374003678725	-761	-13,9389312977099	913	11,618320610687	195	-2,97709923664122	225	0,204545454545455	224	-0,203636363636364	-511	-0,521428571428571	
18560	42546,875	1263	1,72289156626506	1904	9,44578313253012	1815	2,79518072289157	-3072	1,88350705088903	15360	-9,41753525444513	-4736	2,90374003678725	-991	-14,3664122137405	941	15,1297709923664	243	-3,70992366412214	222	0,201818181818182	210	-0,190909090909091	-516	-0,526530612244898	
19200	42566,40625	1264	1,44578313253012	1927	9,43373493975904	1818	2,75903614457831	-2688	1,6480686695279	15296	-9,37829552421827	-4672	2,86450030656039	-967	-15,0076335877863	983	14,763358778626	210	-3,20610687022901	232	0,210909090909091	188	-0,170909090909091	-507	-0,51734693877551	
19840	42585,9375	1275	1,56626506024096	1917	9,30120481927711	1817	2,7710843373494	-2880	1,76578786020846	15040	-9,22133660331085	-4544	2,78602084610668	-623	-15,4656488549618	1013	9,51145038167939	158	-2,41221374045802	223	0,202727272727273	211	-0,191818181818182	-503	-0,513265306122449	
20480	42605,46875	1265	1,72289156626506	1904	9,42168674698795	1813	2,81927710843373	-3200	1,96198651134273	15168	-9,29981606376456	-4672	2,86450030656039	-272	-14,5801526717557	955	4,15267175572519	101	-1,54198473282443	226	0,205454545454545	212	-0,192727272727273	-505	-0,51530612244898	
21120	42625	1265	1,81927710843374	1896	9,42168674698795	1810	2,85542168674699	-3328	2,04046597179644	15168	-9,29981606376456	-4800	2,9429797670141	-111	-14,5343511450382	952	1,69465648854962	139	-2,12213740458015	220	0,2	200	-0,181818181818182	-506	-0,516326530612245	
21760	42644,53125	1268	2,03614457831325	1878	9,3855421686747	1811	2,8433734939759	-3712	2,27590435315757	15232	-9,33905579399141	-4736	2,90374003678725	-180	-14,8854961832061	975	2,74809160305343	136	-2,0763358778626	219	0,199090909090909	208	-0,189090909090909	-496	-0,506122448979592	
22400	42664,0625	1273	1,8433734939759	1894	9,32530120481928	1814	2,80722891566265	-3392	2,0797057020233	15104	-9,26057633353771	-4800	2,9429797670141	-437	-12,3053435114504	806	6,67175572519084	150	-2,29007633587786	224	0,203636363636364	215	-0,195454545454545	-495	-0,505102040816327	
23040	42683,59375	1280	1,69879518072289	1906	9,24096385542169	1803	2,93975903614458	-3200	1,96198651134273	15040	-9,22133660331085	-4800	2,9429797670141	-695	-12,5648854961832	823	10,6106870229008	129	-1,96946564885496	221	0,200909090909091	195	-0,177272727272727	-490	-0,5	
23680	42703,125	1282	1,60240963855422	1914	9,21686746987952	1797	3,01204819277108	-2816	1,72654812998161	14976	-9,182096873084	-5056	3,09993868792152	-642	-11,4198473282443	748	9,80152671755725	106	-1,61832061068702	219	0,199090909090909	202	-0,183636363636364	-489	-0,498979591836735	
24320	42722,65625	1279	1,65060240963855	1910	9,25301204819277	1795	3,03614457831325	-2880	1,76578786020846	14912	-9,14285714285714	-5376	3,29613733905579	-494	-10,6870229007634	700	7,54198473282443	75	-1,14503816793893	229	0,208181818181818	193	-0,175454545454545	-489	-0,498979591836735	
24960	42742,1875	1284	1,69879518072289	1906	9,19277108433735	1790	3,09638554216868	-3136	1,92274678111588	14976	-9,182096873084	-5248	3,21765787860208	-329	-10,3969465648855	681	5,02290076335878	84	-1,2824427480916	224	0,203636363636364	191	-0,173636363636364	-486	-0,495918367346939	
25600	42761,71875	1284	1,80722891566265	1897	9,19277108433735	1796	3,02409638554217	-3200	1,96198651134273	14848	-9,10361741263029	-5312	3,25689760882894	-309	-10	655	4,7175572519084	63	-0,961832061068702	215	0,195454545454545	204	-0,185454545454545	-491	-0,501020408163265	
26240	42781,25	1278	1,97590361445783	1883	9,26506024096386	1787	3,13253012048193	-3392	2,0797057020233	14912	-9,14285714285714	-5248	3,21765787860208	-258	-8,22900763358779	539	3,93893129770992	90	-1,37404580152672	223	0,202727272727273	191	-0,173636363636364	-488	-0,497959183673469	
26880	42800,78125	1278	1,55421686746988	1918	9,26506024096386	1784	3,16867469879518	-3200	1,96198651134273	15040	-9,22133660331085	-5440	3,33537706928265	-499	-7,09923664122137	465	7,61832061068702	165	-2,51908396946565	218	0,198181818181818	213	-0,193636363636364	-486	-0,495918367346939	
27520	42820,3125	1291	1,43373493975904	1928	9,10843373493976	1775	3,27710843373494	-2624	1,60882893930104	14848	-9,10361741263029	-5504	3,3746167995095	-742	-9,2824427480916	608	11,3282442748092	163	-2,48854961832061	220	0,2	205	-0,186363636363636	-483	-0,492857142857143	
28160	42839,84375	1288	1,50602409638554	1922	9,14457831325301	1772	3,31325301204819	-2816	1,72654812998161	14784	-9,06437768240343	-5568	3,41385652973636	-500	-7,6030534351145	498	7,63358778625954	121	-1,84732824427481	208	0,189090909090909	213	-0,193636363636364	-487	-0,496938775510204	
28800	42859,375	1289	1,66265060240964	1909	9,13253012048193	1767	3,37349397590361	-2816	1,72654812998161	14784	-9,06437768240343	-5760	3,53157572041692	-221	-7,32824427480916	480	3,37404580152672	90	-1,37404580152672	212	0,192727272727273	218	-0,198181818181818	-482	-0,491836734693878	
29440	42878,90625	1282	1,79518072289157	1898	9,21686746987952	1758	3,48192771084337	-3200	1,96198651134273	14976	-9,182096873084	-5760	3,53157572041692	-88	-6,50381679389313	426	1,34351145038168	30	-0,458015267175573	216	0,196363636363636	195	-0,177272727272727	-476	-0,485714285714286	
30080	42898,4375	1281	1,7710843373494	1900	9,2289156626506	1752	3,55421686746988	-3200	1,96198651134273	14976	-9,182096873084	-6016	3,68853464132434	-258	-6,58015267175572	431	3,93893129770992	18	-0,274809160305344	212	0,192727272727273	220	-0,2	-487	-0,496938775510204	
30720	42917,96875	1280	1,78313253012048	1899	9,24096385542169	1748	3,60240963855422	-3264	2,00122624156959	14848	-9,10361741263029	-6208	3,8062538320049	-459	-6,74809160305344	442	7,00763358778626	8	-0,122137404580153	219	0,199090909090909	202	-0,183636363636364	-481	-0,490816326530612	
31360	42937,5	1278	1,62650602409639	1912	9,26506024096386	1739	3,71084337349398	-2944	1,80502759043532	15104	-9,26057633353771	-6208	3,8062538320049	-730	-5,46564885496183	358	11,1450381679389	36	-0,549618320610687	217	0,197272727272727	191	-0,173636363636364	-476	-0,485714285714286	
32000	42957,03125	1281	1,46987951807229	1925	9,2289156626506	1739	3,71084337349398	-2816	1,72654812998161	14912	-9,14285714285714	-6528	4,00245248313918	-921	-6,38167938931298	418	14,0610687022901	61	-0,931297709923664	209	0,19	206	-0,187272727272727	-473	-0,48265306122449	
32640	42976,5625	1280	1,39759036144578	1931	9,24096385542169	1740	3,69879518072289	-2624	1,60882893930104	14976	-9,182096873084	-6336	3,88473329245861	-790	-7,57251908396946	496	12,0610687022901	47	-0,717557251908397	216	0,196363636363636	203	-0,184545454545455	-476	-0,485714285714286	
33280	42996,09375	1285	1,43373493975904	1928	9,18072289156627	1736	3,74698795180723	-2688	1,6480686695279	14912	-9,14285714285714	-6464	3,96321275291232	-462	-7,70992366412214	505	7,05343511450382	-2	0,0305343511450382	209	0,19	203	-0,184545454545455	-475	-0,48469387755102	
33920	43015,625	1283	1,55421686746988	1918	9,20481927710843	1736	3,74698795180723	-2880	1,76578786020846	14912	-9,14285714285714	-6528	4,00245248313918	-143	-7,63358778625954	500	2,18320610687023	-63	0,961832061068702	210	0,190909090909091	205	-0,186363636363636	-470	-0,479591836734694	
34560	43035,15625	1288	1,49397590361446	1923	9,14457831325301	1731	3,80722891566265	-2624	1,60882893930104	14784	-9,06437768240343	-6528	4,00245248313918	-65	-8,65648854961832	567	0,99236641221374	-72	1,09923664122137	206	0,187272727272727	229	-0,208181818181818	-470	-0,479591836734694	
35200	43054,6875	1288	1,49397590361446	1923	9,14457831325301	1725	3,87951807228916	-2752	1,68730839975475	14784	-9,06437768240343	-6592	4,04169221336603	-112	-9,83206106870229	644	1,70992366412214	-102	1,55725190839695	207	0,188181818181818	215	-0,195454545454545	-479	-0,488775510204082	
35840	43074,21875	1286	1,40963855421687	1930	9,16867469879518	1720	3,93975903614458	-2752	1,68730839975475	14784	-9,06437768240343	-6784	4,1594114040466	-120	-10,1068702290076	662	1,83206106870229	-100	1,52671755725191	207	0,188181818181818	198	-0,18	-473	-0,48265306122449	
36480	43093,75	1283	1,5421686746988	1919	9,20481927710843	1719	3,95180722891566	-2816	1,72654812998161	14976	-9,182096873084	-6784	4,1594114040466	54	-9,55725190839695	626	-0,82442748091603	-53	0,809160305343511	210	0,190909090909091	194	-0,176363636363636	-459	-0,468367346938776	
37120	43113,28125	1290	1,60240963855422	1914	9,12048192771084	1707	4,09638554216868	-2688	1,6480686695279	14848	-9,10361741263029	-6912	4,23789086450031	72	-9,83206106870229	644	-1,09923664122137	-6	0,0916030534351145	209	0,19	215	-0,195454545454545	-467	-0,476530612244898	
37760	43132,8125	1290	1,46987951807229	1925	9,12048192771084	1708	4,08433734939759	-3136	1,92274678111588	14848	-9,10361741263029	-6912	4,23789086450031	109	-9,63358778625954	631	-1,66412213740458	63	-0,961832061068702	195	0,177272727272727	226	-0,205454545454545	-466	-0,475510204081633	
38400	43152,34375	1300	1,37349397590361	1933	9	1696	4,2289156626506	-2496	1,53034947884733	14592	-8,94665849172287	-6976	4,27713059472716	-197	-11,0992366412214	727	3,00763358778626	100	-1,52671755725191	207	0,188181818181818	202	-0,183636363636364	-457	-0,466326530612245	
39040	43171,875	1292	1,51807228915663	1921	9,09638554216868	1690	4,30120481927711	-2880	1,76578786020846	14848	-9,10361741263029	-7552	4,63028816676885	-248	-10,3969465648855	681	3,78625954198473	37	-0,564885496183206	209	0,19	217	-0,197272727272727	-462	-0,471428571428571	
39680	43191,40625	1294	1,43373493975904	1928	9,07228915662651	1688	4,32530120481928	-2688	1,6480686695279	14784	-9,06437768240343	-7424	4,55180870631514	-292	-11,3129770992366	741	4,45801526717557	-14	0,213740458015267	214	0,194545454545455	194	-0,176363636363636	-455	-0,464285714285714	
40320	43210,9375	1296	1,42168674698795	1929	9,04819277108434	1689	4,31325301204819	-2560	1,56958920907419	14656	-8,98589822194972	-7296	4,47332924586143	-271	-12,3358778625954	808	4,13740458015267	-41	0,625954198473282	208	0,189090909090909	203	-0,184545454545455	-462	-0,471428571428571	
40960	43230,46875	1293	1,44578313253012	1927	9,08433734939759	1699	4,19277108433735	-2560	1,56958920907419	14720	-9,02513795217658	-7232	4,43408951563458	-229	-13,0381679389313	854	3,49618320610687	-80	1,22137404580153	215	0,195454545454545	196	-0,178181818181818	-451	-0,460204081632653	
41600	43250	1297	1,85542168674699	1893	9,03614457831325	1689	4,31325301204819	-3200	1,96198651134273	14528	-8,90741876149601	-7360	4,51256897608829	40	-12,5496183206107	822	-0,610687022900763	-15	0,229007633587786	212	0,192727272727273	198	-0,18	-448	-0,457142857142857	
42240	43269,53125	1300	1,28915662650602	1940	9	1676	4,46987951807229	-2560	1,56958920907419	14528	-8,90741876149601	-7616	4,66952789699571	63	-12,1374045801527	795	-0,961832061068702	141	-2,15267175572519	212	0,192727272727273	211	-0,191818181818182	-450	-0,459183673469388	
42880	43289,0625	1314	1,04819277108434	1960	8,83132530120482	1678	4,44578313253012	-1920	1,17719190680564	14336	-8,78969957081545	-7616	4,66952789699571	-411	-15,587786259542	1021	6,27480916030534	334	-5,09923664122137	209	0,19	199	-0,180909090909091	-448	-0,457142857142857	
43520	43308,59375	1307	1,09638554216867	1956	8,91566265060241	1690	4,30120481927711	-1984	1,2164316370325	14336	-8,78969957081545	-7488	4,591048436542	-230	-15,0687022900763	987	3,51145038167939	340	-5,19083969465649	201	0,182727272727273	217	-0,197272727272727	-443	-0,452040816326531	
44160	43328,125	1310	1,26506024096386	1942	8,87951807228916	1688	4,32530120481928	-2304	1,41263028816677	14528	-8,90741876149601	-7424	4,55180870631514	-36	-14,824427480916	971	0,549618320610687	249	-3,80152671755725	208	0,189090909090909	223	-0,202727272727273	-440	-0,448979591836735	
44800	43347,65625	1307	1,51807228915663	1921	8,91566265060241	1696	4,2289156626506	-2880	1,76578786020846	14400	-8,8289393010423	-7168	4,39484978540773	87	-13,2519083969466	868	-1,32824427480916	233	-3,55725190839695	208	0,189090909090909	205	-0,186363636363636	-435	-0,443877551020408	
45440	43367,1875	1313	1,53012048192771	1920	8,8433734939759	1698	4,20481927710843	-2816	1,72654812998161	14336	-8,78969957081545	-7104	4,35561005518087	-82	-14,5954198473282	956	1,25190839694656	219	-3,34351145038168	202	0,183636363636364	226	-0,205454545454545	-437	-0,445918367346939	
46080	43386,71875	1318	1,49397590361446	1923	8,78313253012048	1696	4,2289156626506	-2880	1,76578786020846	14144	-8,67198038013489	-7168	4,39484978540773	-280	-12,793893129771	838	4,27480916030534	217	-3,31297709923664	207	0,188181818181818	202	-0,183636363636364	-432	-0,440816326530612	
46720	43406,25	1320	1,49397590361446	1923	8,75903614457831	1698	4,20481927710843	-2688	1,6480686695279	14208	-8,71122011036174	-7040	4,31637032495402	-388	-12,0610687022901	790	5,9236641221374	221	-3,37404580152672	202	0,183636363636364	226	-0,205454545454545	-437	-0,445918367346939	
47360	43425,78125	1325	1,42168674698795	1929	8,69879518072289	1697	4,21686746987952	-2496	1,53034947884733	14144	-8,67198038013489	-7104	4,35561005518087	-425	-11,8625954198473	777	6,48854961832061	213	-3,25190839694656	211	0,191818181818182	213	-0,193636363636364	-433	-0,441836734693878	
48000	43445,3125	1328	1,48192771084337	1924	8,66265060240964	1693	4,26506024096386	-2816	1,72654812998161	14016	-8,59350091968118	-7104	4,35561005518087	-243	-11,5572519083969	757	3,70992366412214	173	-2,6412213740458	208	0,189090909090909	208	-0,189090909090909	-424	-0,43265306122449	
48640	43464,84375	1331	1,62650602409639	1912	8,62650602409639	1689	4,31325301204819	-2880	1,76578786020846	13952	-8,55426118945432	-7168	4,39484978540773	-138	-11,5419847328244	756	2,10687022900763	122	-1,86259541984733	202	0,183636363636364	221	-0,200909090909091	-425	-0,433673469387755	
49280	43484,375	1325	1,72289156626506	1904	8,69879518072289	1686	4,34939759036145	-3264	2,00122624156959	14080	-8,63274064990803	-7360	4,51256897608829	-96	-10,6259541984733	696	1,46564885496183	79	-1,20610687022901	205	0,186363636363636	213	-0,193636363636364	-422	-0,430612244897959	
49920	43503,90625	1332	1,68674698795181	1907	8,6144578313253	1668	4,56626506024096	-3136	1,92274678111588	13952	-8,55426118945432	-7552	4,63028816676885	-231	-10,1068702290076	662	3,52671755725191	50	-0,763358778625954	199	0,180909090909091	219	-0,199090909090909	-429	-0,437755102040816	
50560	43523,4375	1331	1,5421686746988	1919	8,62650602409639	1659	4,67469879518072	-2816	1,72654812998161	13952	-8,55426118945432	-7872	4,82648681790313	-381	-8,06106870229008	528	5,81679389312977	6	-0,0916030534351145	200	0,181818181818182	233	-0,211818181818182	-427	-0,435714285714286	
51200	43542,96875	1328	1,32530120481928	1937	8,66265060240964	1660	4,66265060240964	-2688	1,6480686695279	13952	-8,55426118945432	-7872	4,82648681790313	-405	-8,65648854961832	567	6,18320610687023	-56	0,854961832061069	198	0,18	241	-0,219090909090909	-424	-0,43265306122449	
51840	43562,5	1334	1,3855421686747	1932	8,59036144578313	1656	4,71084337349398	-2624	1,60882893930104	13952	-8,55426118945432	-7872	4,82648681790313	-214	-9,43511450381679	618	3,26717557251908	-65	0,99236641221374	197	0,179090909090909	226	-0,205454545454545	-428	-0,436734693877551	
52480	43582,03125	1334	1,48192771084337	1924	8,59036144578313	1644	4,85542168674699	-2688	1,6480686695279	13888	-8,51502145922747	-8128	4,98344573881055	14	-9,45038167938931	619	-0,213740458015267	-59	0,900763358778626	206	0,187272727272727	211	-0,191818181818182	-418	-0,426530612244898	
53120	43601,5625	1331	1,51807228915663	1921	8,62650602409639	1639	4,91566265060241	-2816	1,72654812998161	13952	-8,55426118945432	-8448	5,17964438994482	-30	-10,0610687022901	659	0,458015267175573	-34	0,519083969465649	194	0,176363636363636	229	-0,208181818181818	-411	-0,419387755102041	
53760	43621,09375	1331	1,46987951807229	1925	8,62650602409639	1640	4,90361445783133	-2752	1,68730839975475	13888	-8,51502145922747	-8384	5,14040465971796	-139	-10,4580152671756	685	2,12213740458015	-21	0,320610687022901	206	0,187272727272727	232	-0,210909090909091	-414	-0,422448979591837	
54400	43640,625	1336	1,30120481927711	1939	8,56626506024096	1610	5,26506024096386	-2432	1,49110974862048	13760	-8,43654199877376	-8640	5,29736358062538	-164	-10,763358778626	705	2,50381679389313	-3	0,0458015267175573	195	0,177272727272727	223	-0,202727272727273	-414	-0,422448979591837	
55040	43660,15625	1326	1,28915662650602	1940	8,68674698795181	1604	5,33734939759036	-2304	1,41263028816677	14016	-8,59350091968118	-8960	5,49356223175966	-6	-9,81679389312977	643	0,0916030534351145	-56	0,854961832061069	194	0,176363636363636	217	-0,197272727272727	-409	-0,41734693877551	
55680	43679,6875	1334	1,34939759036145	1935	8,59036144578313	1613	5,2289156626506	-2624	1,60882893930104	13888	-8,51502145922747	-8832	5,41508277130595	481	-12,4580152671756	816	-7,34351145038168	-120	1,83206106870229	201	0,182727272727273	230	-0,209090909090909	-408	-0,416326530612245	
56320	43699,21875	1339	1,65060240963855	1910	8,53012048192771	1597	5,42168674698795	-3136	1,92274678111588	13760	-8,43654199877376	-9088	5,57204169221337	791	-14,3511450381679	940	-12,0763358778626	-105	1,6030534351145	197	0,179090909090909	243	-0,220909090909091	-417	-0,425510204081633	
56960	43718,75	1337	2,07228915662651	1875	8,55421686746988	1587	5,5421686746988	-3712	2,27590435315757	13824	-8,47578172900061	-9408	5,76824034334764	774	-14,5801526717557	955	-11,8167938931298	-110	1,6793893129771	204	0,185454545454545	217	-0,197272727272727	-398	-0,406122448979592	
57600	43738,28125	1344	1,92771084337349	1887	8,46987951807229	1582	5,60240963855422	-3456	2,11894543225015	13760	-8,43654199877376	-9408	5,76824034334764	277	-15,1297709923664	991	-4,22900763358779	-93	1,41984732824427	196	0,178181818181818	262	-0,238181818181818	-400	-0,408163265306122	
58240	43757,8125	1337	1,79518072289157	1898	8,55421686746988	1575	5,68674698795181	-3136	1,92274678111588	13952	-8,55426118945432	-9536	5,84671980380135	-264	-14,6106870229008	957	4,03053435114504	-106	1,61832061068702	207	0,188181818181818	221	-0,200909090909091	-391	-0,398979591836735	
58880	43777,34375	1337	1,53012048192771	1920	8,55421686746988	1575	5,68674698795181	-3072	1,88350705088903	13824	-8,47578172900061	-9600	5,8859595340282	-664	-14,6106870229008	957	10,1374045801527	-110	1,6793893129771	194	0,176363636363636	231	-0,21	-396	-0,404081632653061	
59520	43796,875	1339	1,32530120481928	1937	8,53012048192771	1577	5,66265060240964	-2560	1,56958920907419	13760	-8,43654199877376	-9536	5,84671980380135	-782	-15,4961832061069	1015	11,9389312977099	-149	2,27480916030534	201	0,182727272727273	243	-0,220909090909091	-398	-0,406122448979592	
60160	43816,40625	1349	1,34939759036145	1935	8,40963855421687	1575	5,68674698795181	-2432	1,49110974862048	13632	-8,35806253832005	-9792	6,00367872470877	-586	-17,4198473282443	1141	8,94656488549618	-190	2,90076335877863	203	0,184545454545455	240	-0,218181818181818	-392	-0,4	
60800	43835,9375	1345	1,42168674698795	1929	8,45783132530121	1574	5,69879518072289	-2752	1,68730839975475	13632	-8,35806253832005	-9472	5,80748007357449	-265	-18,1526717557252	1189	4,04580152671756	-186	2,83969465648855	205	0,186363636363636	236	-0,214545454545455	-389	-0,396938775510204	
61440	43855,46875	1349	1,37349397590361	1933	8,40963855421687	1583	5,59036144578313	-2560	1,56958920907419	13632	-8,35806253832005	-9536	5,84671980380135	-180	-19,0992366412214	1251	2,74809160305343	-160	2,44274809160305	198	0,18	243	-0,220909090909091	-389	-0,396938775510204	
62080	43875	1363	1,48192771084337	1924	8,24096385542169	1604	5,33734939759036	-2752	1,68730839975475	13312	-8,16186388718578	-9088	5,57204169221337	-139	-20,6564885496183	1353	2,12213740458015	-135	2,06106870229008	197	0,179090909090909	257	-0,233636363636364	-379	-0,386734693877551	
62720	43894,53125	1371	1,5421686746988	1919	8,14457831325301	1583	5,59036144578313	-2944	1,80502759043532	12992	-7,9656652360515	-9280	5,68976088289393	-300	-19,0229007633588	1246	4,58015267175572	-19	0,290076335877863	198	0,18	234	-0,212727272727273	-376	-0,383673469387755	
63360	43914,0625	1361	1,56626506024096	1917	8,26506024096386	1566	5,79518072289157	-2880	1,76578786020846	13376	-8,20110361741263	-9792	6,00367872470877	-662	-16,030534351145	1050	10,1068702290076	47	-0,717557251908397	201	0,182727272727273	259	-0,235454545454545	-381	-0,388775510204082	
64000	43933,59375	1370	1,13253012048193	1953	8,1566265060241	1578	5,65060240963855	-2368	1,45187001839362	13184	-8,08338442673207	-9536	5,84671980380135	-973	-15,7557251908397	1032	14,8549618320611	57	-0,870229007633588	203	0,184545454545455	239	-0,217272727272727	-377	-0,38469387755102	
64640	43953,125	1371	1	1964	8,14457831325301	1590	5,50602409638554	-1920	1,17719190680564	13312	-8,16186388718578	-9280	5,68976088289393	-864	-16,6717557251908	1092	13,1908396946565	30	-0,458015267175573	201	0,182727272727273	233	-0,211818181818182	-372	-0,379591836734694	
65280	43972,65625	1379	1,27710843373494	1941	8,04819277108434	1590	5,50602409638554	-2304	1,41263028816677	13056	-8,00490496627836	-9216	5,65052115266707	-488	-17,8625954198473	1170	7,45038167938931	8	-0,122137404580153	197	0,179090909090909	252	-0,229090909090909	-369	-0,376530612244898	
384	43992,1875	1388	1,65060240963855	1910	7,93975903614458	1590	5,50602409638554	-3008	1,84426732066217	12672	-7,76946658491723	-9344	5,72900061312078	-358	-18,5801526717557	1217	5,46564885496183	36	-0,549618320610687	199	0,180909090909091	248	-0,225454545454545	-367	-0,374489795918367	
1024	44011,71875	1394	1,71084337349398	1905	7,86746987951807	1574	5,69879518072289	-3264	2,00122624156959	12672	-7,76946658491723	-9536	5,84671980380135	-710	-17,0992366412214	1120	10,8396946564885	83	-1,26717557251908	189	0,171818181818182	256	-0,232727272727273	-367	-0,374489795918367	
1664	44031,25	1378	1,34939759036145	1935	8,06024096385542	1551	5,97590361445783	-2688	1,6480686695279	12992	-7,9656652360515	-10112	6,19987737584304	-1284	-13,8931297709924	910	19,6030534351145	67	-1,02290076335878	190	0,172727272727273	258	-0,234545454545455	-368	-0,375510204081633	
2304	44050,78125	1388	0,891566265060241	1973	7,93975903614458	1574	5,69879518072289	-1792	1,09871244635193	12800	-7,84794604537094	-9728	5,96443899448191	-1448	-13,2213740458015	866	22,1068702290076	10	-0,152671755725191	193	0,175454545454545	243	-0,220909090909091	-359	-0,366326530612245	
2944	44070,3125	1399	0,891566265060241	1973	7,80722891566265	1577	5,66265060240964	-1856	1,13795217657879	12672	-7,76946658491723	-9664	5,92519926425506	-1067	-14,6412213740458	959	16,2900763358779	-72	1,09923664122137	189	0,171818181818182	263	-0,239090909090909	-358	-0,36530612244898	
3584	44089,84375	1395	1,13253012048193	1953	7,85542168674699	1554	5,93975903614458	-2112	1,2949110974862	12672	-7,76946658491723	-10176	6,2391171060699	-594	-14,9618320610687	980	9,06870229007634	-71	1,08396946564885	193	0,175454545454545	249	-0,226363636363636	-359	-0,366326530612245	
4224	44109,375	1400	1,20481927710843	1947	7,79518072289157	1551	5,97590361445783	-2240	1,37339055793991	12480	-7,65174739423666	-9984	6,12139791538933	-450	-16,4427480916031	1077	6,87022900763359	-61	0,931297709923664	193	0,175454545454545	246	-0,223636363636364	-351	-0,358163265306122	
4864	44128,90625	1407	1,1566265060241	1951	7,71084337349398	1551	5,97590361445783	-2304	1,41263028816677	12352	-7,57326793378295	-10176	6,2391171060699	-439	-17,2213740458015	1128	6,70229007633588	-53	0,809160305343511	185	0,168181818181818	262	-0,238181818181818	-350	-0,357142857142857	
5504	44148,4375	1413	1,19277108433735	1948	7,63855421686747	1539	6,12048192771084	-2304	1,41263028816677	12288	-7,5340282035561	-10304	6,3175965665236	-444	-15,9541984732824	1045	6,77862595419847	-45	0,687022900763359	189	0,171818181818182	266	-0,241818181818182	-353	-0,360204081632653	
6144	44167,96875	1406	1,06024096385542	1959	7,72289156626506	1526	6,27710843373494	-2112	1,2949110974862	12416	-7,61250766400981	-10688	6,55303494788473	-570	-14,4885496183206	949	8,70229007633588	-55	0,83969465648855	182	0,165454545454545	265	-0,240909090909091	-357	-0,364285714285714	
6784	44187,5	1408	0,867469879518072	1975	7,69879518072289	1526	6,27710843373494	-1984	1,2164316370325	12352	-7,57326793378295	-10752	6,59227467811159	-657	-14,8396946564885	972	10,030534351145	-13	0,198473282442748	182	0,165454545454545	268	-0,243636363636364	-344	-0,351020408163265	
7424	44207,03125	1410	0,963855421686747	1967	7,67469879518072	1523	6,31325301204819	-1856	1,13795217657879	12352	-7,57326793378295	-10560	6,47455548743102	-647	-15,2977099236641	1002	9,87786259541985	44	-0,67175572519084	176	0,16	281	-0,255454545454545	-344	-0,351020408163265	
8064	44226,5625	1409	0,987951807228916	1965	7,68674698795181	1515	6,40963855421687	-1856	1,13795217657879	12416	-7,61250766400981	-10880	6,6707541385653	-570	-15,4045801526718	1009	8,70229007633588	89	-1,3587786259542	180	0,163636363636364	266	-0,241818181818182	-342	-0,348979591836735	
8704	44246,09375	1405	0,903614457831325	1972	7,73493975903614	1507	6,50602409638554	-1920	1,17719190680564	12352	-7,57326793378295	-11008	6,74923359901901	-567	-16,2290076335878	1063	8,65648854961832	115	-1,75572519083969	188	0,170909090909091	269	-0,244545454545455	-346	-0,353061224489796	
9344	44265,625	1412	0,963855421686747	1967	7,65060240963855	1521	6,33734939759036	-2048	1,25567136725935	12288	-7,5340282035561	-11008	6,74923359901901	-453	-16,763358778626	1098	6,91603053435114	102	-1,55725190839695	171	0,155454545454545	291	-0,264545454545455	-342	-0,348979591836735	
9984	44285,15625	1421	1,12048192771084	1954	7,5421686746988	1514	6,42168674698795	-2304	1,41263028816677	12096	-7,41630901287554	-10880	6,6707541385653	-420	-17,3587786259542	1137	6,41221374045802	80	-1,22137404580153	177	0,160909090909091	274	-0,249090909090909	-332	-0,338775510204082	
10624	44304,6875	1419	1,20481927710843	1947	7,56626506024096	1501	6,57831325301205	-2176	1,33415082771306	12160	-7,45554874310239	-11200	6,86695278969957	-553	-15,4045801526718	1009	8,44274809160305	91	-1,38931297709924	173	0,157272727272727	279	-0,253636363636364	-336	-0,342857142857143	
11264	44324,21875	1422	0,879518072289157	1974	7,53012048192771	1502	6,56626506024096	-1920	1,17719190680564	12224	-7,49478847332925	-11072	6,78847332924586	-809	-15,8320610687023	1037	12,3511450381679	49	-0,748091603053435	175	0,159090909090909	265	-0,240909090909091	-328	-0,33469387755102	
11904	44343,75	1428	0,72289156626506	1987	7,45783132530121	1509	6,48192771084337	-1536	0,941753525444513	11968	-7,33782955242183	-11200	6,86695278969957	-845	-16,3664122137405	1072	12,9007633587786	20	-0,305343511450382	175	0,159090909090909	299	-0,271818181818182	-335	-0,341836734693878	
12544	44363,28125	1434	0,674698795180723	1991	7,3855421686747	1512	6,44578313253012	-1344	0,824034334763949	12032	-7,37706928264868	-11136	6,82771305947272	-566	-16,7480916030534	1097	8,6412213740458	10	-0,152671755725191	173	0,157272727272727	273	-0,248181818181818	-331	-0,337755102040816	
13184	44382,8125	1443	0,855421686746988	1976	7,27710843373494	1510	6,46987951807229	-1664	1,02023298589822	11648	-7,14163090128755	-11136	6,82771305947272	-378	-17,3587786259542	1137	5,77099236641221	-17	0,259541984732824	168	0,152727272727273	288	-0,261818181818182	-326	-0,33265306122449	
13824	44402,34375	1447	0,819277108433735	1979	7,2289156626506	1506	6,51807228915663	-1664	1,02023298589822	11712	-7,18087063151441	-11264	6,90619251992643	-365	-17,0381679389313	1116	5,57251908396947	0	0	176	0,16	280	-0,254545454545455	-330	-0,336734693877551	
14464	44421,875	1446	0,855421686746988	1976	7,24096385542169	1515	6,40963855421687	-1856	1,13795217657879	11648	-7,14163090128755	-11072	6,78847332924586	-413	-16,5954198473282	1087	6,30534351145038	20	-0,305343511450382	174	0,158181818181818	275	-0,25	-324	-0,330612244897959	
15104	44441,40625	1440	0,831325301204819	1978	7,31325301204819	1516	6,39759036144578	-1600	0,980993255671367	11904	-7,29858982219497	-10944	6,70999386879215	-469	-15,4503816793893	1012	7,16030534351145	77	-1,17557251908397	173	0,157272727272727	292	-0,265454545454545	-321	-0,327551020408163	
15744	44460,9375	1450	0,771084337349398	1983	7,19277108433735	1501	6,57831325301205	-1600	0,980993255671367	11648	-7,14163090128755	-11392	6,98467198038013	-567	-14,4885496183206	949	8,65648854961832	92	-1,40458015267176	172	0,156363636363636	291	-0,264545454545455	-323	-0,329591836734694	
16384	44480,46875	1459	0,807228915662651	1980	7,08433734939759	1497	6,62650602409639	-1664	1,02023298589822	11456	-7,02391171060699	-11520	7,06315144083384	-580	-12,6717557251908	830	8,85496183206107	91	-1,38931297709924	162	0,147272727272727	294	-0,267272727272727	-327	-0,333673469387755	
17024	44500	1466	0,807228915662651	1980	7	1486	6,75903614457831	-1728	1,05947271612508	11200	-6,86695278969957	-11392	6,98467198038013	-680	-10,9770992366412	719	10,381679389313	91	-1,38931297709924	167	0,151818181818182	299	-0,271818181818182	-317	-0,323469387755102	
17664	44519,53125	1462	0,686746987951807	1990	7,04819277108434	1478	6,85542168674699	-1536	0,941753525444513	11264	-6,90619251992643	-11584	7,1023911710607	-864	-10,1068702290076	662	13,1908396946565	124	-1,89312977099237	167	0,151818181818182	286	-0,26	-316	-0,322448979591837	
18304	44539,0625	1467	0,650602409638554	1993	6,98795180722892	1474	6,90361445783133	-1280	0,784794604537094	11328	-6,94543225015328	-11840	7,25935009196812	-964	-9,9236641221374	650	14,7175572519084	184	-2,80916030534351	157	0,142727272727273	311	-0,282727272727273	-326	-0,33265306122449	
18944	44558,59375	1464	0,578313253012048	1999	7,02409638554217	1456	7,12048192771084	-1280	0,784794604537094	11264	-6,90619251992643	-12160	7,45554874310239	-912	-9,75572519083969	639	13,9236641221374	243	-3,70992366412214	167	0,151818181818182	291	-0,264545454545455	-321	-0,327551020408163	
19584	44578,125	1459	0,578313253012048	1999	7,08433734939759	1455	7,13253012048193	-1152	0,706315144083384	11456	-7,02391171060699	-12224	7,49478847332925	-738	-9,87786259541985	647	11,2671755725191	303	-4,62595419847328	150	0,136363636363636	319	-0,29	-317	-0,323469387755102	
20224	44597,65625	1467	0,602409638554217	1997	6,98795180722892	1466	7	-1280	0,784794604537094	11392	-6,98467198038013	-12096	7,41630901287554	-279	-11,8931297709924	779	4,25954198473282	338	-5,16030534351145	159	0,144545454545455	309	-0,280909090909091	-315	-0,321428571428571	
20864	44617,1875	1476	0,879518072289157	1974	6,87951807228916	1449	7,20481927710843	-1664	1,02023298589822	11072	-6,78847332924586	-12224	7,49478847332925	153	-12,5190839694656	820	-2,33587786259542	324	-4,94656488549618	163	0,148181818181818	308	-0,28	-316	-0,322448979591837	
21504	44636,71875	1473	1,10843373493976	1955	6,91566265060241	1443	7,27710843373494	-2176	1,33415082771306	11136	-6,82771305947272	-12416	7,61250766400981	220	-12,4274809160305	814	-3,3587786259542	248	-3,78625954198473	160	0,145454545454545	299	-0,271818181818182	-311	-0,31734693877551	
22144	44656,25	1473	0,951807228915663	1968	6,91566265060241	1438	7,33734939759036	-1920	1,17719190680564	11200	-6,86695278969957	-12544	7,69098712446352	32	-13,7404580152672	900	-0,488549618320611	190	-2,90076335877863	159	0,144545454545455	329	-0,299090909090909	-315	-0,321428571428571	
22784	44675,78125	1477	0,807228915662651	1980	6,86746987951807	1444	7,26506024096386	-1728	1,05947271612508	11008	-6,74923359901901	-12480	7,65174739423666	-259	-15,4351145038168	1011	3,95419847328244	35	-0,534351145038168	156	0,141818181818182	304	-0,276363636363636	-308	-0,314285714285714	
23424	44695,3125	1474	0,626506024096386	1995	6,90361445783133	1439	7,32530120481928	-1408	0,863274064990803	11136	-6,82771305947272	-12544	7,69098712446352	-346	-15,6030534351145	1022	5,2824427480916	-96	1,46564885496183	149	0,135454545454545	318	-0,289090909090909	-305	-0,311224489795918	
24064	44714,84375	1479	0,337349397590361	2019	6,8433734939759	1436	7,36144578313253	-896	0,549356223175966	11008	-6,74923359901901	-12544	7,69098712446352	-324	-16,412213740458	1075	4,94656488549618	-123	1,87786259541985	163	0,148181818181818	309	-0,280909090909091	-310	-0,316326530612245	
24704	44734,375	1487	0,397590361445783	2014	6,74698795180723	1442	7,28915662650602	-832	0,510116492949111	10880	-6,6707541385653	-12544	7,69098712446352	-95	-17,9236641221374	1174	1,45038167938931	-163	2,48854961832061	161	0,146363636363636	314	-0,285454545454545	-302	-0,308163265306122	
25344	44753,90625	1501	0,481927710843373	2007	6,57831325301205	1447	7,2289156626506	-1024	0,627835683629675	10560	-6,47455548743102	-12352	7,57326793378295	283	-18,3053435114504	1199	-4,3206106870229	-133	2,03053435114504	159	0,144545454545455	329	-0,299090909090909	-302	-0,308163265306122	
25984	44773,4375	1503	0,72289156626506	1987	6,55421686746988	1448	7,21686746987952	-1472	0,902513795217658	10496	-6,43531575720417	-12480	7,65174739423666	524	-18,4580152671756	1209	-8	-146	2,22900763358779	165	0,15	326	-0,296363636363636	-304	-0,310204081632653	
26624	44792,96875	1516	0,734939759036145	1986	6,39759036144578	1442	7,28915662650602	-1472	0,902513795217658	10304	-6,3175965665236	-12480	7,65174739423666	531	-18,3053435114504	1199	-8,10687022900763	-131	2	157	0,142727272727273	316	-0,287272727272727	-298	-0,304081632653061	
27264	44812,5	1509	0,819277108433735	1979	6,48192771084337	1443	7,27710843373494	-1792	1,09871244635193	10368	-6,35683629675046	-12480	7,65174739423666	357	-17,0381679389313	1116	-5,45038167938931	-123	1,87786259541985	161	0,146363636363636	334	-0,303636363636364	-292	-0,297959183673469	
27904	44832,03125	1511	0,650602409638554	1993	6,45783132530121	1433	7,39759036144578	-1344	0,824034334763949	10368	-6,35683629675046	-12736	7,80870631514408	168	-15,9541984732824	1045	-2,56488549618321	-97	1,48091603053435	167	0,151818181818182	320	-0,290909090909091	-290	-0,295918367346939	
28544	44851,5625	1509	0,650602409638554	1993	6,48192771084337	1426	7,48192771084337	-1408	0,863274064990803	10304	-6,3175965665236	-12864	7,88718577559779	16	-14,7328244274809	965	-0,244274809160305	-131	2	157	0,142727272727273	339	-0,308181818181818	-297	-0,303061224489796	
29184	44871,09375	1517	0,457831325301205	2009	6,3855421686747	1422	7,53012048192771	-1344	0,824034334763949	10176	-6,2391171060699	-12864	7,88718577559779	-42	-14,9465648854962	979	0,641221374045801	-160	2,44274809160305	165	0,15	325	-0,295454545454545	-294	-0,3	
29824	44890,625	1524	0,409638554216868	2013	6,30120481927711	1425	7,49397590361446	-960	0,58859595340282	10176	-6,2391171060699	-12864	7,88718577559779	-52	-15,9083969465649	1042	0,793893129770992	-161	2,45801526717557	157	0,142727272727273	334	-0,303636363636364	-285	-0,290816326530612	
30464	44910,15625	1531	0,566265060240964	2000	6,21686746987952	1424	7,50602409638554	-1280	0,784794604537094	9920	-6,08215818516248	-12608	7,73022685469037	74	-16,1221374045802	1056	-1,12977099236641	-154	2,35114503816794	166	0,150909090909091	350	-0,318181818181818	-288	-0,293877551020408	
31104	44929,6875	1527	0,578313253012048	1999	6,26506024096386	1416	7,60240963855422	-1280	0,784794604537094	9984	-6,12139791538933	-12928	7,92642550582465	52	-14,9770992366412	981	-0,793893129770992	-106	1,61832061068702	167	0,151818181818182	337	-0,306363636363636	-288	-0,293877551020408	
31744	44949,21875	1534	0,602409638554217	1997	6,18072289156627	1408	7,69879518072289	-1472	0,902513795217658	9856	-6,04291845493562	-12928	7,92642550582465	-26	-14,6412213740458	959	0,396946564885496	-93	1,41984732824427	161	0,146363636363636	342	-0,310909090909091	-282	-0,287755102040816	
32384	44968,75	1536	0,518072289156627	2004	6,1566265060241	1406	7,72289156626506	-1216	0,745554874310239	9792	-6,00367872470877	-13184	8,08338442673207	-234	-14,4427480916031	946	3,57251908396947	-52	0,793893129770992	164	0,149090909090909	351	-0,319090909090909	-281	-0,286734693877551	
33024	44988,28125	1530	0,433734939759036	2011	6,2289156626506	1396	7,8433734939759	-1216	0,745554874310239	9920	-6,08215818516248	-13248	8,12262415695892	-291	-13,3740458015267	876	4,44274809160305	-15	0,229007633587786	163	0,148181818181818	366	-0,332727272727273	-290	-0,295918367346939	
33664	45007,8125	1537	0,385542168674699	2015	6,14457831325301	1390	7,91566265060241	-1024	0,627835683629675	9792	-6,00367872470877	-13568	8,31882280809319	-313	-13,6030534351145	891	4,77862595419847	27	-0,412213740458015	159	0,144545454545455	342	-0,310909090909091	-279	-0,28469387755102	
34304	45027,34375	1540	0,506024096385542	2005	6,10843373493976	1391	7,90361445783133	-1152	0,706315144083384	9856	-6,04291845493562	-13376	8,20110361741263	-235	-14,1068702290076	924	3,58778625954198	57	-0,870229007633588	165	0,15	343	-0,311818181818182	-281	-0,286734693877551	
34944	45046,875	1550	0,530120481927711	2003	5,98795180722892	1389	7,92771084337349	-1152	0,706315144083384	9536	-5,84671980380135	-13504	8,27958307786634	-289	-14,5190839694656	951	4,41221374045802	115	-1,75572519083969	155	0,140909090909091	371	-0,337272727272727	-276	-0,281632653061225	
35584	45066,40625	1540	0,530120481927711	2003	6,10843373493976	1385	7,97590361445783	-1088	0,66707541385653	9792	-6,00367872470877	-13568	8,31882280809319	-432	-13,4045801526718	878	6,59541984732824	157	-2,3969465648855	161	0,146363636363636	365	-0,331818181818182	-284	-0,289795918367347	
36224	45085,9375	1548	0,421686746987952	2012	6,01204819277108	1384	7,98795180722892	-960	0,58859595340282	9600	-5,8859595340282	-13504	8,27958307786634	-590	-14,4274809160305	945	9,00763358778626	170	-2,59541984732824	159	0,144545454545455	355	-0,322727272727273	-281	-0,286734693877551	
36864	45105,46875	1549	0,36144578313253	2017	6	1385	7,97590361445783	-896	0,549356223175966	9600	-5,8859595340282	-13568	8,31882280809319	-581	-14,1984732824427	930	8,87022900763359	224	-3,41984732824427	152	0,138181818181818	364	-0,330909090909091	-273	-0,278571428571429	
37504	45125	1559	0,445783132530121	2010	5,87951807228916	1392	7,89156626506024	-1088	0,66707541385653	9344	-5,72900061312078	-13440	8,24034334763948	-525	-14,6870229007634	962	8,01526717557252	271	-4,13740458015267	149	0,135454545454545	377	-0,342727272727273	-276	-0,281632653061225	
38144	45144,53125	1562	0,421686746987952	2012	5,8433734939759	1386	7,96385542168675	-1024	0,627835683629675	9216	-5,65052115266707	-13504	8,27958307786634	-480	-14,7022900763359	963	7,32824427480916	303	-4,62595419847328	157	0,142727272727273	354	-0,321818181818182	-271	-0,276530612244898	
38784	45164,0625	1562	0,457831325301205	2009	5,8433734939759	1380	8,03614457831325	-1024	0,627835683629675	9344	-5,72900061312078	-13568	8,31882280809319	-455	-14,030534351145	919	6,94656488549618	300	-4,58015267175572	149	0,135454545454545	361	-0,328181818181818	-271	-0,276530612244898	
39424	45183,59375	1567	0,36144578313253	2017	5,78313253012048	1391	7,90361445783133	-896	0,549356223175966	9216	-5,65052115266707	-13632	8,35806253832005	-443	-14,9312977099237	978	6,76335877862595	266	-4,06106870229008	155	0,140909090909091	361	-0,328181818181818	-273	-0,278571428571429	
40064	45203,125	1572	0,337349397590361	2019	5,72289156626506	1392	7,89156626506024	-832	0,510116492949111	9216	-5,65052115266707	-13376	8,20110361741263	-342	-15,3740458015267	1007	5,22137404580153	256	-3,90839694656489	153	0,139090909090909	366	-0,332727272727273	-267	-0,272448979591837	
40704	45222,65625	1575	0,457831325301205	2009	5,68674698795181	1395	7,85542168674699	-960	0,58859595340282	9088	-5,57204169221337	-13504	8,27958307786634	-244	-15,7099236641221	1029	3,72519083969466	229	-3,49618320610687	141	0,128181818181818	386	-0,350909090909091	-272	-0,277551020408163	
41344	45242,1875	1587	0,325301204819277	2020	5,5421686746988	1386	7,96385542168675	-1088	0,66707541385653	8768	-5,37584304107909	-13568	8,31882280809319	-190	-15,6641221374046	1026	2,90076335877863	241	-3,6793893129771	152	0,138181818181818	369	-0,335454545454545	-270	-0,275510204081633	
41984	45261,71875	1588	0,445783132530121	2010	5,53012048192771	1393	7,87951807228916	-1088	0,66707541385653	8704	-5,33660331085224	-13696	8,3973022685469	-194	-15,0534351145038	986	2,9618320610687	208	-3,17557251908397	141	0,128181818181818	397	-0,360909090909091	-274	-0,279591836734694	
42624	45281,25	1596	0,337349397590361	2019	5,43373493975904	1385	7,97590361445783	-896	0,549356223175966	8768	-5,37584304107909	-13312	8,16186388718578	-193	-14,2900763358779	936	2,94656488549618	229	-3,49618320610687	149	0,135454545454545	395	-0,359090909090909	-269	-0,274489795918367	
43264	45300,78125	1596	0,385542168674699	2015	5,43373493975904	1377	8,07228915662651	-960	0,58859595340282	8448	-5,17964438994482	-13632	8,35806253832005	-231	-13,0076335877863	852	3,52671755725191	213	-3,25190839694656	140	0,127272727272727	399	-0,362727272727273	-271	-0,276530612244898	
43904	45320,3125	1603	0,289156626506024	2023	5,34939759036145	1379	8,04819277108434	-896	0,549356223175966	8640	-5,29736358062538	-13696	8,3973022685469	-254	-13,0076335877863	852	3,87786259541985	251	-3,83206106870229	138	0,125454545454545	396	-0,36	-273	-0,278571428571429	
44544	45339,84375	1603	0,385542168674699	2015	5,34939759036145	1377	8,07228915662651	-896	0,549356223175966	8448	-5,17964438994482	-13824	8,47578172900061	-182	-12,8091603053435	839	2,77862595419847	256	-3,90839694656489	136	0,123636363636364	411	-0,373636363636364	-267	-0,272448979591837	
45184	45359,375	1602	0,481927710843373	2007	5,36144578313253	1365	8,21686746987952	-960	0,58859595340282	8640	-5,29736358062538	-14016	8,59350091968118	-118	-12,2900763358779	805	1,80152671755725	283	-4,3206106870229	140	0,127272727272727	414	-0,376363636363636	-280	-0,285714285714286	
45824	45378,90625	1605	0,445783132530121	2010	5,32530120481928	1360	8,27710843373494	-1152	0,706315144083384	8448	-5,17964438994482	-14208	8,71122011036174	-116	-11,9847328244275	785	1,77099236641221	232	-3,54198473282443	147	0,133636363636364	400	-0,363636363636364	-266	-0,271428571428571	
46464	45398,4375	1614	0,469879518072289	2008	5,21686746987952	1358	8,30120481927711	-1152	0,706315144083384	8320	-5,10116492949111	-14208	8,71122011036174	-183	-11,6946564885496	766	2,79389312977099	211	-3,22137404580153	137	0,124545454545455	390	-0,354545454545455	-266	-0,271428571428571	
47104	45417,96875	1610	0,457831325301205	2009	5,26506024096386	1349	8,40963855421687	-1152	0,706315144083384	8384	-5,14040465971796	-14272	8,7504598405886	-299	-11,8778625954198	778	4,56488549618321	168	-2,56488549618321	140	0,127272727272727	407	-0,37	-259	-0,264285714285714	
47744	45437,5	1614	0,337349397590361	2019	5,21686746987952	1339	8,53012048192771	-960	0,58859595340282	8256	-5,06192519926425	-14592	8,94665849172287	-536	-11,969465648855	784	8,18320610687023	148	-2,25954198473282	145	0,131818181818182	411	-0,373636363636364	-265	-0,270408163265306	
48384	45457,03125	1605	0,156626506024096	2034	5,32530120481928	1331	8,62650602409639	-704	0,431637032495402	8512	-5,21888412017167	-14720	9,02513795217658	-675	-10,412213740458	682	10,3053435114504	145	-2,21374045801527	135	0,122727272727273	403	-0,366363636363636	-261	-0,266326530612245	
49024	45476,5625	1610	0,0843373493975904	2040	5,26506024096386	1335	8,57831325301205	-448	0,274678111587983	8384	-5,14040465971796	-14528	8,90741876149601	-648	-11,236641221374	736	9,89312977099237	176	-2,68702290076336	136	0,123636363636364	408	-0,370909090909091	-262	-0,26734693877551	
49664	45496,09375	1615	0,0120481927710843	2046	5,20481927710843	1325	8,69879518072289	-320	0,196198651134273	8256	-5,06192519926425	-14784	9,06437768240343	-610	-12,412213740458	813	9,31297709923664	227	-3,46564885496183	131	0,119090909090909	406	-0,369090909090909	-260	-0,26530612244898	
50304	45515,625	1631	0,156626506024096	2034	5,01204819277108	1317	8,79518072289157	-576	0,353157572041692	8000	-4,90496627835684	-15104	9,26057633353771	-474	-13,0687022900763	856	7,23664122137405	240	-3,66412213740458	136	0,123636363636364	406	-0,369090909090909	-257	-0,262244897959184	
50944	45535,15625	1627	0,240963855421687	2027	5,06024096385542	1325	8,69879518072289	-896	0,549356223175966	8128	-4,98344573881055	-14592	8,94665849172287	-397	-12,8702290076336	843	6,06106870229008	211	-3,22137404580153	135	0,122727272727273	415	-0,377272727272727	-264	-0,269387755102041	
51584	45554,6875	1629	0,156626506024096	2034	5,03614457831325	1324	8,71084337349398	-576	0,353157572041692	8128	-4,98344573881055	-14976	9,182096873084	-525	-13,7404580152672	900	8,01526717557252	216	-3,29770992366412	137	0,124545454545455	406	-0,369090909090909	-261	-0,266326530612245	
52224	45574,21875	1638	0,0481927710843374	2043	4,92771084337349	1324	8,71084337349398	-576	0,353157572041692	8064	-4,94420600858369	-14784	9,06437768240343	-561	-15,6641221374046	1026	8,56488549618321	195	-2,97709923664122	130	0,118181818181818	421	-0,382727272727273	-258	-0,263265306122449	
52864	45593,75	1643	0,072289156626506	2041	4,86746987951807	1330	8,63855421686747	-384	0,235438381361128	7808	-4,78724708767627	-14976	9,182096873084	-504	-16,4732824427481	1079	7,69465648854962	141	-2,15267175572519	132	0,12	423	-0,384545454545455	-265	-0,270408163265306	
53504	45613,28125	1649	0,0602409638554217	2042	4,79518072289157	1335	8,57831325301205	-448	0,274678111587983	7680	-4,70876762722256	-14976	9,182096873084	-438	-17,1450381679389	1123	6,68702290076336	101	-1,54198473282443	124	0,112727272727273	430	-0,390909090909091	-268	-0,273469387755102	
54144	45632,8125	1655	0,0481927710843374	2043	4,72289156626506	1333	8,60240963855422	-448	0,274678111587983	7424	-4,55180870631514	-14784	9,06437768240343	-402	-17,6488549618321	1156	6,13740458015267	69	-1,05343511450382	122	0,110909090909091	433	-0,393636363636364	-259	-0,264285714285714	
54784	45652,34375	1652	0,0481927710843374	2043	4,75903614457831	1327	8,67469879518072	-448	0,274678111587983	7424	-4,55180870631514	-14976	9,182096873084	-386	-16,8702290076336	1105	5,89312977099237	32	-0,488549618320611	119	0,108181818181818	456	-0,414545454545455	-269	-0,274489795918367	
55424	45671,875	1655	-0,0602409638554217	2052	4,72289156626506	1330	8,63855421686747	-320	0,196198651134273	7552	-4,63028816676885	-14912	9,14285714285714	-423	-16,2442748091603	1064	6,45801526717557	38	-0,580152671755725	120	0,109090909090909	434	-0,394545454545455	-255	-0,260204081632653	
56064	45691,40625	1659	-0,180722891566265	2062	4,67469879518072	1326	8,68674698795181	-64	0,0392397302268547	7424	-4,55180870631514	-14912	9,14285714285714	-457	-17,0687022900763	1118	6,97709923664122	30	-0,458015267175573	115	0,104545454545455	435	-0,395454545454545	-261	-0,266326530612245	
56704	45710,9375	1661	-0,180722891566265	2062	4,65060240963855	1332	8,6144578313253	0	0	7488	-4,591048436542	-14848	9,10361741263029	-413	-17,3129770992366	1134	6,30534351145038	56	-0,854961832061069	125	0,113636363636364	450	-0,409090909090909	-265	-0,270408163265306	
57344	45730,46875	1672	-0,132530120481928	2058	4,51807228915663	1335	8,57831325301205	-192	0,117719190680564	7040	-4,31637032495402	-14784	9,06437768240343	-243	-17,8931297709924	1172	3,70992366412214	35	-0,534351145038168	118	0,107272727272727	452	-0,410909090909091	-262	-0,26734693877551	
57984	45750	1681	-0,072289156626506	2053	4,40963855421687	1325	8,69879518072289	-256	0,156958920907419	7040	-4,31637032495402	-14976	9,182096873084	-81	-17,4198473282443	1141	1,23664122137405	28	-0,427480916030534	124	0,112727272727273	441	-0,400909090909091	-259	-0,264285714285714	
58624	45769,53125	1685	0,132530120481928	2036	4,36144578313253	1322	8,73493975903614	-384	0,235438381361128	6912	-4,23789086450031	-14976	9,182096873084	-91	-16,3053435114504	1068	1,38931297709924	19	-0,290076335877863	119	0,108181818181818	439	-0,399090909090909	-253	-0,258163265306122	
59264	45789,0625	1689	-0,0240963855421687	2049	4,31325301204819	1330	8,63855421686747	-256	0,156958920907419	6848	-4,19865113427345	-14848	9,10361741263029	-286	-15,6641221374046	1026	4,36641221374046	66	-1,00763358778626	119	0,108181818181818	455	-0,413636363636364	-258	-0,263265306122449	
59904	45808,59375	1689	-0,156626506024096	2060	4,31325301204819	1327	8,67469879518072	-128	0,0784794604537094	6784	-4,1594114040466	-14848	9,10361741263029	-495	-15,9541984732824	1045	7,55725190839695	89	-1,3587786259542	125	0,113636363636364	443	-0,402727272727273	-253	-0,258163265306122	
60544	45828,125	1693	-0,228915662650602	2066	4,26506024096386	1330	8,63855421686747	64	-0,0392397302268547	6784	-4,1594114040466	-14848	9,10361741263029	-434	-15,2213740458015	997	6,62595419847328	85	-1,29770992366412	113	0,102727272727273	452	-0,410909090909091	-262	-0,26734693877551	
61184	45847,65625	1697	-0,240963855421687	2067	4,21686746987952	1327	8,67469879518072	0	0	6656	-4,08093194359289	-14720	9,02513795217658	-295	-15,6030534351145	1022	4,50381679389313	12	-0,183206106870229	123	0,111818181818182	448	-0,407272727272727	-258	-0,263265306122449	
61824	45867,1875	1703	-0,120481927710843	2057	4,14457831325301	1330	8,63855421686747	-192	0,117719190680564	6528	-4,00245248313918	-14848	9,10361741263029	-167	-15,4503816793893	1012	2,54961832061069	-15	0,229007633587786	116	0,105454545454545	452	-0,410909090909091	-253	-0,258163265306122	
62464	45886,71875	1705	-0,240963855421687	2067	4,12048192771084	1327	8,67469879518072	-64	0,0392397302268547	6464	-3,96321275291232	-14976	9,182096873084	-156	-15,1297709923664	991	2,38167938931298	-36	0,549618320610687	120	0,109090909090909	474	-0,430909090909091	-260	-0,26530612244898	
63104	45906,25	1717	-0,216867469879518	2065	3,97590361445783	1318	8,78313253012048	64	-0,0392397302268547	6208	-3,8062538320049	-15040	9,22133660331085	-189	-14,8091603053435	970	2,88549618320611	-49	0,748091603053435	121	0,11	461	-0,419090909090909	-258	-0,263265306122449	
63744	45925,78125	1720	-0,253012048192771	2068	3,93975903614458	1320	8,75903614457831	64	-0,0392397302268547	6208	-3,8062538320049	-14784	9,06437768240343	-253	-13,8473282442748	907	3,86259541984733	-26	0,396946564885496	109	0,0990909090909091	464	-0,421818181818182	-252	-0,257142857142857	
64384	45945,3125	1726	-0,349397590361446	2076	3,86746987951807	1326	8,68674698795181	320	-0,196198651134273	6080	-3,7277743715512	-15104	9,26057633353771	-332	-13,8931297709924	910	5,06870229007634	8	-0,122137404580153	115	0,104545454545455	472	-0,429090909090909	-253	-0,258163265306122	
65024	45964,84375	1729	-0,373493975903614	2078	3,83132530120482	1319	8,7710843373494	128	-0,0784794604537094	5824	-3,57081545064378	-14912	9,14285714285714	-305	-13,175572519084	863	4,65648854961832	-6	0,0916030534351145	116	0,105454545454545	461	-0,419090909090909	-255	-0,260204081632653	
128	45984,375	1731	-0,27710843373494	2070	3,80722891566265	1316	8,80722891566265	128	-0,0784794604537094	5888	-3,61005518087063	-14912	9,14285714285714	-307	-12,2900763358779	805	4,68702290076336	27	-0,412213740458015	111	0,100909090909091	465	-0,422727272727273	-250	-0,255102040816327	
768	46003,90625	1734	-0,385542168674699	2079	3,7710843373494	1310	8,87951807228916	256	-0,156958920907419	5888	-3,61005518087063	-15168	9,29981606376456	-384	-11,6946564885496	766	5,86259541984733	75	-1,14503816793893	115	0,104545454545455	464	-0,421818181818182	-252	-0,257142857142857	
1408	46023,4375	1732	-0,337349397590361	2075	3,79518072289157	1301	8,98795180722892	128	-0,0784794604537094	5888	-3,61005518087063	-15424	9,45677498467198	-377	-10,4885496183206	687	5,75572519083969	106	-1,61832061068702	113	0,102727272727273	467	-0,424545454545455	-249	-0,254081632653061	
2048	46042,96875	1729	-0,385542168674699	2079	3,83132530120482	1300	9	128	-0,0784794604537094	6016	-3,68853464132434	-15552	9,53525444512569	-404	-10,2290076335878	670	6,16793893129771	162	-2,47328244274809	103	0,0936363636363636	482	-0,438181818181818	-255	-0,260204081632653	
2688	46062,5	1734	-0,433734939759036	2083	3,7710843373494	1308	8,90361445783133	256	-0,156958920907419	5888	-3,61005518087063	-15168	9,29981606376456	-304	-11,6641221374046	764	4,6412213740458	158	-2,41221374045802	112	0,101818181818182	491	-0,446363636363636	-258	-0,263265306122449	
3328	46082,03125	1746	-0,204819277108434	2064	3,62650602409639	1307	8,91566265060241	0	0	5760	-3,53157572041692	-15296	9,37829552421827	-72	-12,381679389313	811	1,09923664122137	144	-2,19847328244275	103	0,0936363636363636	490	-0,445454545454545	-251	-0,256122448979592	
3968	46101,5625	1739	0	2047	3,71084337349398	1305	8,93975903614458	-192	0,117719190680564	5760	-3,53157572041692	-15296	9,37829552421827	-62	-11,2671755725191	738	0,946564885496183	95	-1,45038167938931	113	0,102727272727273	492	-0,447272727272727	-257	-0,262244897959184	
4608	46121,09375	1750	-0,204819277108434	2064	3,57831325301205	1309	8,89156626506024	-64	0,0392397302268547	5632	-3,45309625996321	-15360	9,41753525444513	-214	-11,2671755725191	738	3,26717557251908	73	-1,11450381679389	105	0,0954545454545455	482	-0,438181818181818	-250	-0,255102040816327	
5248	46140,625	1752	-0,265060240963855	2069	3,55421686746988	1302	8,97590361445783	64	-0,0392397302268547	5568	-3,41385652973636	-15424	9,45677498467198	-359	-10,8702290076336	712	5,48091603053435	53	-0,809160305343511	100	0,0909090909090909	505	-0,459090909090909	-254	-0,259183673469388	
5888	46160,15625	1747	-0,36144578313253	2077	3,6144578313253	1300	9	128	-0,0784794604537094	5568	-3,41385652973636	-15360	9,41753525444513	-377	-9,32824427480916	611	5,75572519083969	5	-0,0763358778625954	107	0,0972727272727273	480	-0,436363636363636	-250	-0,255102040816327	
6528	46179,6875	1754	-0,542168674698795	2092	3,53012048192771	1302	8,97590361445783	576	-0,353157572041692	5568	-3,41385652973636	-15232	9,33905579399141	-372	-10,1221374045802	663	5,6793893129771	7	-0,106870229007634	102	0,0927272727272727	497	-0,451818181818182	-253	-0,258163265306122	
7168	46199,21875	1753	-0,578313253012048	2095	3,5421686746988	1294	9,07228915662651	640	-0,392397302268547	5504	-3,3746167995095	-15552	9,53525444512569	-210	-10,5343511450382	690	3,20610687022901	-17	0,259541984732824	105	0,0954545454545455	490	-0,445454545454545	-257	-0,262244897959184	
7808	46218,75	1760	-0,481927710843373	2087	3,45783132530121	1293	9,08433734939759	448	-0,274678111587983	5504	-3,3746167995095	-15616	9,57449417535254	40	-10,763358778626	705	-0,610687022900763	-30	0,458015267175573	107	0,0972727272727273	486	-0,441818181818182	-252	-0,257142857142857	
8448	46238,28125	1763	-0,397590361445783	2080	3,42168674698795	1292	9,09638554216868	192	-0,117719190680564	5248	-3,21765787860208	-15680	9,6137339055794	174	-10,6564885496183	698	-2,65648854961832	-30	0,458015267175573	102	0,0927272727272727	500	-0,454545454545455	-250	-0,255102040816327	
9088	46257,8125	1766	-0,421686746987952	2082	3,3855421686747	1290	9,12048192771084	320	-0,196198651134273	5120	-3,13917841814837	-15680	9,6137339055794	147	-10,5648854961832	692	-2,24427480916031	-43	0,656488549618321	109	0,0990909090909091	497	-0,451818181818182	-252	-0,257142857142857	
9728	46277,34375	1769	-0,506024096385542	2089	3,34939759036145	1289	9,13253012048193	448	-0,274678111587983	5248	-3,21765787860208	-15680	9,6137339055794	42	-10,412213740458	682	-0,641221374045801	-12	0,183206106870229	101	0,0918181818181818	508	-0,461818181818182	-258	-0,263265306122449	
10368	46296,875	1773	-0,518072289156627	2090	3,30120481927711	1291	9,10843373493976	256	-0,156958920907419	5056	-3,09993868792152	-15680	9,6137339055794	59	-10,0763358778626	660	-0,900763358778626	-32	0,488549618320611	99	0,09	513	-0,466363636363636	-253	-0,258163265306122	
11008	46316,40625	1773	-0,530120481927711	2091	3,30120481927711	1294	9,07228915662651	640	-0,392397302268547	5056	-3,09993868792152	-15552	9,53525444512569	28	-10,0916030534351	661	-0,427480916030534	-12	0,183206106870229	107	0,0972727272727273	493	-0,448181818181818	-248	-0,253061224489796	
11648	46335,9375	1773	-0,55421686746988	2093	3,30120481927711	1292	9,09638554216868	448	-0,274678111587983	5184	-3,17841814837523	-15488	9,49601471489883	89	-10,1526717557252	665	-1,3587786259542	-16	0,244274809160305	101	0,0918181818181818	513	-0,466363636363636	-264	-0,269387755102041	
12288	46355,46875	1778	-0,373493975903614	2078	3,24096385542169	1292	9,09638554216868	256	-0,156958920907419	4992	-3,06069895769467	-15488	9,49601471489883	126	-9,34351145038168	612	-1,9236641221374	39	-0,595419847328244	109	0,0990909090909091	504	-0,458181818181818	-254	-0,259183673469388	
12928	46375	1783	-0,445783132530121	2084	3,18072289156627	1290	9,12048192771084	256	-0,156958920907419	4928	-3,02145922746781	-15680	9,6137339055794	12	-9,54198473282443	625	-0,183206106870229	64	-0,977099236641221	97	0,0881818181818182	527	-0,479090909090909	-251	-0,256122448979592	
13568	46394,53125	1784	-0,542168674698795	2092	3,16867469879518	1281	9,2289156626506	512	-0,313917841814838	4928	-3,02145922746781	-15936	9,77069282648682	-46	-8,59541984732824	563	0,702290076335878	76	-1,16030534351145	106	0,0963636363636364	513	-0,466363636363636	-251	-0,256122448979592	
14208	46414,0625	1787	-0,518072289156627	2090	3,13253012048193	1290	9,12048192771084	512	-0,313917841814838	4672	-2,86450030656039	-15744	9,65297363580625	25	-8,48854961832061	556	-0,381679389312977	54	-0,82442748091603	108	0,0981818181818182	514	-0,467272727272727	-253	-0,258163265306122	
14848	46433,59375	1791	-0,493975903614458	2088	3,08433734939759	1279	9,25301204819277	448	-0,274678111587983	4736	-2,90374003678725	-15616	9,57449417535254	110	-8,21374045801527	538	-1,6793893129771	89	-1,3587786259542	104	0,0945454545454545	501	-0,455454545454545	-246	-0,251020408163265	
15488	46453,125	1789	-0,385542168674699	2079	3,10843373493976	1277	9,27710843373494	320	-0,196198651134273	4736	-2,90374003678725	-16000	9,80993255671367	107	-8,50381679389313	557	-1,63358778625954	97	-1,48091603053435	104	0,0945454545454545	518	-0,470909090909091	-246	-0,251020408163265	
16128	46472,65625	1786	-0,55421686746988	2093	3,14457831325301	1281	9,2289156626506	384	-0,235438381361128	4800	-2,9429797670141	-15744	9,65297363580625	109	-8,91603053435114	584	-1,66412213740458	106	-1,61832061068702	106	0,0963636363636364	515	-0,468181818181818	-254	-0,259183673469388	
16768	46492,1875	1804	-0,518072289156627	2090	2,92771084337349	1276	9,28915662650602	448	-0,274678111587983	4480	-2,74678111587983	-15808	9,69221336603311	229	-10,2442748091603	671	-3,49618320610687	104	-1,58778625954198	104	0,0945454545454545	508	-0,461818181818182	-246	-0,251020408163265	
17408	46511,71875	1801	-0,301204819277108	2072	2,96385542168675	1270	9,36144578313253	128	-0,0784794604537094	4480	-2,74678111587983	-16064	9,84917228694053	302	-9,22137404580153	604	-4,61068702290076	112	-1,70992366412214	96	0,0872727272727273	519	-0,471818181818182	-250	-0,255102040816327	
18048	46531,25	1795	-0,337349397590361	2075	3,03614457831325	1275	9,30120481927711	64	-0,0392397302268547	4672	-2,86450030656039	-15872	9,73145309625996	153	-8,13740458015267	533	-2,33587786259542	169	-2,58015267175573	108	0,0981818181818182	510	-0,463636363636364	-239	-0,243877551020408	
18688	46550,78125	1807	-0,469879518072289	2086	2,89156626506024	1278	9,26506024096386	320	-0,196198651134273	4352	-2,66830165542612	-15872	9,73145309625996	-41	-9,2824427480916	608	0,625954198473282	208	-3,17557251908397	106	0,0963636363636364	533	-0,484545454545455	-252	-0,257142857142857	
19328	46570,3125	1803	-0,36144578313253	2077	2,93975903614458	1276	9,28915662650602	192	-0,117719190680564	4416	-2,70754138565297	-15808	9,69221336603311	-52	-8,29007633587786	543	0,793893129770992	190	-2,90076335877863	91	0,0827272727272727	545	-0,495454545454545	-253	-0,258163265306122	
19968	46589,84375	1804	-0,433734939759036	2083	2,92771084337349	1269	9,37349397590362	384	-0,235438381361128	4416	-2,70754138565297	-16256	9,96689147762109	48	-7,93893129770992	520	-0,732824427480916	175	-2,67175572519084	103	0,0936363636363636	540	-0,490909090909091	-251	-0,256122448979592	
20608	46609,375	1812	-0,421686746987952	2082	2,83132530120482	1279	9,25301204819277	320	-0,196198651134273	4224	-2,58982219497241	-15872	9,73145309625996	155	-9,2824427480916	608	-2,36641221374046	131	-2	105	0,0954545454545455	532	-0,483636363636364	-250	-0,255102040816327	
21248	46628,90625	1817	-0,590361445783133	2096	2,7710843373494	1286	9,16867469879518	576	-0,353157572041692	4224	-2,58982219497241	-15872	9,73145309625996	267	-9,19083969465649	602	-4,0763358778626	152	-2,3206106870229	113	0,102727272727273	516	-0,469090909090909	-247	-0,252040816326531	
21888	46648,4375	1822	-0,903614457831325	2122	2,71084337349398	1297	9,03614457831325	960	-0,58859595340282	4160	-2,55058246474555	-15872	9,73145309625996	572	-10,2137404580153	669	-8,73282442748092	210	-3,20610687022901	105	0,0954545454545455	527	-0,479090909090909	-243	-0,247959183673469	
22528	46667,96875	1840	-0,686746987951807	2104	2,49397590361446	1306	8,92771084337349	960	-0,58859595340282	3840	-2,35438381361128	-15488	9,49601471489883	1181	-11,4809160305344	752	-18,030534351145	260	-3,96946564885496	118	0,107272727272727	524	-0,476363636363636	-249	-0,254081632653061	
23168	46687,5	1838	0,108433734939759	2038	2,51807228915663	1294	9,07228915662651	-64	0,0392397302268547	3712	-2,27590435315757	-15488	9,49601471489883	1640	-9,02290076335878	591	-25,0381679389313	313	-4,77862595419847	115	0,104545454545455	522	-0,474545454545455	-239	-0,243877551020408	
23808	46707,03125	1819	0,578313253012048	1999	2,74698795180723	1254	9,55421686746988	-1088	0,66707541385653	3968	-2,43286327406499	-16384	10,0453709380748	1226	-4,68702290076336	307	-18,7175572519084	368	-5,61832061068702	107	0,0972727272727273	546	-0,496363636363636	-245	-0,25	
24448	46726,5625	1819	0,385542168674699	2015	2,74698795180723	1251	9,59036144578313	-1344	0,824034334763949	4160	-2,55058246474555	-16320	10,0061312078479	409	-4,35114503816794	285	-6,2442748091603	349	-5,32824427480916	123	0,111818181818182	530	-0,481818181818182	-244	-0,248979591836735	
25088	46746,09375	1820	0	2047	2,73493975903614	1257	9,51807228915663	-320	0,196198651134273	4224	-2,58982219497241	-16320	10,0061312078479	-117	-4,88549618320611	320	1,78625954198473	231	-3,52671755725191	111	0,100909090909091	536	-0,487272727272727	-247	-0,252040816326531	
25728	46765,625	1821	-0,0843373493975904	2054	2,72289156626506	1258	9,50602409638554	-192	0,117719190680564	4096	-2,5113427345187	-16256	9,96689147762109	30	-6,15267175572519	403	-0,458015267175573	94	-1,43511450381679	112	0,101818181818182	550	-0,5	-240	-0,244897959183673	
26368	46785,15625	1826	0,108433734939759	2038	2,66265060240964	1257	9,51807228915663	-320	0,196198651134273	3968	-2,43286327406499	-16320	10,0061312078479	276	-9,22137404580153	604	-4,21374045801527	2	-0,0305343511450382	123	0,111818181818182	530	-0,481818181818182	-239	-0,243877551020408	
27008	46804,6875	1834	0,337349397590361	2019	2,56626506024096	1261	9,46987951807229	-896	0,549356223175966	4032	-2,47210300429185	-16256	9,96689147762109	420	-10,0152671755725	656	-6,41221374045802	-52	0,793893129770992	116	0,105454545454545	541	-0,491818181818182	-248	-0,253061224489796	
27648	46824,21875	1828	0,457831325301205	2009	2,63855421686747	1263	9,44578313253012	-1088	0,66707541385653	3968	-2,43286327406499	-16320	10,0061312078479	156	-8,80916030534351	577	-2,38167938931298	-105	1,6030534351145	123	0,111818181818182	545	-0,495454545454545	-241	-0,245918367346939	
28288	46843,75	1840	0,265060240963855	2025	2,49397590361446	1264	9,43373493975904	-896	0,549356223175966	3776	-2,31514408338443	-16256	9,96689147762109	-217	-7,77099236641221	509	3,31297709923664	-110	1,6793893129771	124	0,112727272727273	535	-0,486363636363636	-236	-0,240816326530612	
28928	46863,28125	1836	0,072289156626506	2041	2,5421686746988	1266	9,40963855421687	-640	0,392397302268547	3840	-2,35438381361128	-16128	9,88841201716738	-706	-6	393	10,7786259541985	-137	2,09160305343511	122	0,110909090909091	551	-0,500909090909091	-249	-0,254081632653061	
29568	46882,8125	1844	-0,253012048192771	2068	2,44578313253012	1279	9,25301204819277	0	0	3712	-2,27590435315757	-15936	9,77069282648682	-1012	-5,51145038167939	361	15,4503816793893	-111	1,69465648854962	120	0,109090909090909	533	-0,484545454545455	-242	-0,246938775510204	
30208	46902,34375	1848	-0,493975903614458	2088	2,39759036144578	1280	9,24096385542169	384	-0,235438381361128	3648	-2,23666462293072	-16000	9,80993255671367	-972	-6,67175572519084	437	14,8396946564885	-118	1,80152671755725	111	0,100909090909091	544	-0,494545454545455	-239	-0,243877551020408	
30848	46921,875	1848	-0,421686746987952	2082	2,39759036144578	1267	9,39759036144578	256	-0,156958920907419	3520	-2,15818516247701	-16192	9,92765174739424	-694	-6,04580152671756	396	10,5954198473282	-141	2,15267175572519	115	0,104545454545455	559	-0,508181818181818	-246	-0,251020408163265	
31488	46941,40625	1846	-0,493975903614458	2088	2,42168674698795	1278	9,26506024096386	320	-0,196198651134273	3712	-2,27590435315757	-15936	9,77069282648682	-462	-5,48091603053435	359	7,05343511450382	-159	2,42748091603053	105	0,0954545454545455	553	-0,502727272727273	-253	-0,258163265306122	
32128	46960,9375	1857	-0,542168674698795	2092	2,28915662650602	1289	9,13253012048193	448	-0,274678111587983	3392	-2,0797057020233	-15744	9,65297363580625	-301	-6,68702290076336	438	4,59541984732824	-120	1,83206106870229	108	0,0981818181818182	545	-0,495454545454545	-240	-0,244897959183673	
32768	46980,46875	1862	-0,481927710843373	2087	2,2289156626506	1278	9,26506024096386	448	-0,274678111587983	3264	-2,00122624156959	-15936	9,77069282648682	-266	-6,91603053435114	453	4,06106870229008	-75	1,14503816793893	111	0,100909090909091	553	-0,502727272727273	-253	-0,258163265306122	
33408	47000	1857	-0,397590361445783	2080	2,28915662650602	1281	9,2289156626506	64	-0,0392397302268547	3264	-2,00122624156959	-15744	9,65297363580625	-177	-4,16793893129771	273	2,70229007633588	-24	0,366412213740458	98	0,0890909090909091	562	-0,510909090909091	-243	-0,247959183673469	
34048	47019,53125	1864	-0,493975903614458	2088	2,20481927710843	1284	9,19277108433735	256	-0,156958920907419	3264	-2,00122624156959	-15872	9,73145309625996	-280	-4,29007633587786	281	4,27480916030534	26	-0,396946564885496	112	0,101818181818182	543	-0,493636363636364	-251	-0,256122448979592	
34688	47039,0625	1858	-0,506024096385542	2089	2,27710843373494	1281	9,2289156626506	384	-0,235438381361128	3392	-2,0797057020233	-15872	9,73145309625996	-309	-2,88549618320611	189	4,7175572519084	90	-1,37404580152672	93	0,0845454545454545	553	-0,502727272727273	-246	-0,251020408163265	
35328	47058,59375	1867	-0,566265060240964	2094	2,16867469879518	1275	9,30120481927711	640	-0,392397302268547	3328	-2,04046597179644	-15936	9,77069282648682	-340	-2,74809160305343	180	5,19083969465649	106	-1,61832061068702	103	0,0936363636363636	542	-0,492727272727273	-240	-0,244897959183673	
35968	47078,125	1858	-0,493975903614458	2088	2,27710843373494	1272	9,33734939759036	384	-0,235438381361128	3200	-1,96198651134273	-16064	9,84917228694053	-208	-1,63358778625954	107	3,17557251908397	141	-2,15267175572519	106	0,0963636363636364	563	-0,511818181818182	-253	-0,258163265306122	
36608	47097,65625	1865	-0,481927710843373	2087	2,19277108433735	1265	9,42168674698795	320	-0,196198651134273	3264	-2,00122624156959	-16128	9,88841201716738	-153	-0,778625954198473	51	2,33587786259542	165	-2,51908396946565	103	0,0936363636363636	574	-0,521818181818182	-252	-0,257142857142857	
37248	47117,1875	1857	-0,493975903614458	2088	2,28915662650602	1256	9,53012048192771	256	-0,156958920907419	3392	-2,0797057020233	-16448	10,0846106683017	-266	-0,641221374045801	42	4,06106870229008	182	-2,77862595419847	100	0,0909090909090909	553	-0,502727272727273	-243	-0,247959183673469	
37888	47136,71875	1850	-0,518072289156627	2090	2,37349397590361	1259	9,49397590361446	320	-0,196198651134273	3584	-2,19742489270386	-16384	10,0453709380748	-338	-0,213740458015267	14	5,16030534351145	243	-3,70992366412214	105	0,0954545454545455	572	-0,52	-253	-0,258163265306122	
38528	47156,25	1853	-0,590361445783133	2096	2,33734939759036	1269	9,37349397590362	512	-0,313917841814838	3584	-2,19742489270386	-16128	9,88841201716738	-311	-2,15267175572519	141	4,74809160305344	297	-4,53435114503817	107	0,0972727272727273	545	-0,495454545454545	-245	-0,25	
39168	47175,78125	1855	-0,433734939759036	2083	2,31325301204819	1271	9,34939759036145	448	-0,274678111587983	3520	-2,15818516247701	-16064	9,84917228694053	-105	-3,09923664122137	203	1,6030534351145	235	-3,58778625954198	106	0,0963636363636364	547	-0,497272727272727	-244	-0,248979591836735	
39808	47195,3125	1861	-0,349397590361446	2076	2,24096385542169	1275	9,30120481927711	256	-0,156958920907419	3328	-2,04046597179644	-15808	9,69221336603311	97	-2,29007633587786	150	-1,48091603053435	158	-2,41221374045802	91	0,0827272727272727	571	-0,519090909090909	-250	-0,255102040816327	
40448	47214,84375	1860	-0,265060240963855	2069	2,25301204819277	1279	9,25301204819277	128	-0,0784794604537094	3328	-2,04046597179644	-15936	9,77069282648682	107	-2,25954198473282	148	-1,63358778625954	113	-1,72519083969466	107	0,0972727272727273	547	-0,497272727272727	-242	-0,246938775510204	
41088	47234,375	1864	-0,373493975903614	2078	2,20481927710843	1280	9,24096385542169	192	-0,117719190680564	3200	-1,96198651134273	-16064	9,84917228694053	1	-2,10687022900763	138	-0,0152671755725191	110	-1,6793893129771	106	0,0963636363636364	559	-0,508181818181818	-248	-0,253061224489796	
41728	47253,90625	1866	-0,409638554216868	2081	2,18072289156627	1286	9,16867469879518	320	-0,196198651134273	3264	-2,00122624156959	-15808	9,69221336603311	-39	-2,3206106870229	152	0,595419847328244	92	-1,40458015267176	107	0,0972727272727273	550	-0,5	-247	-0,252040816326531	
42368	47273,4375	1866	-0,397590361445783	2080	2,18072289156627	1295	9,06024096385542	256	-0,156958920907419	3264	-2,00122624156959	-15552	9,53525444512569	34	-1,58778625954198	104	-0,519083969465649	98	-1,49618320610687	94	0,0854545454545455	569	-0,517272727272727	-253	-0,258163265306122	
43008	47292,96875	1874	-0,397590361445783	2080	2,08433734939759	1288	9,14457831325301	256	-0,156958920907419	3200	-1,96198651134273	-15616	9,57449417535254	72	-1,16030534351145	76	-1,09923664122137	55	-0,83969465648855	106	0,0963636363636364	566	-0,514545454545455	-250	-0,255102040816327	
43648	47312,5	1875	-0,385542168674699	2079	2,07228915662651	1277	9,27710843373494	128	-0,0784794604537094	3008	-1,84426732066217	-15936	9,77069282648682	88	0,244274809160305	-16	-1,34351145038168	33	-0,50381679389313	97	0,0881818181818182	568	-0,516363636363636	-250	-0,255102040816327	
44288	47332,03125	1874	-0,433734939759036	2083	2,08433734939759	1274	9,31325301204819	320	-0,196198651134273	3072	-1,88350705088903	-16000	9,80993255671367	5	1,89312977099237	-124	-0,0763358778625954	61	-0,931297709923664	98	0,0890909090909091	559	-0,508181818181818	-246	-0,251020408163265	
44928	47351,5625	1867	-0,518072289156627	2090	2,16867469879518	1270	9,36144578313253	448	-0,274678111587983	3264	-2,00122624156959	-16128	9,88841201716738	-112	2,58015267175573	-169	1,70992366412214	125	-1,90839694656489	94	0,0854545454545455	554	-0,503636363636364	-250	-0,255102040816327	
45568	47371,09375	1863	-0,614457831325301	2098	2,21686746987952	1260	9,48192771084337	512	-0,313917841814838	3264	-2,00122624156959	-16448	10,0846106683017	-119	2,44274809160305	-160	1,81679389312977	164	-2,50381679389313	105	0,0954545454545455	575	-0,522727272727273	-256	-0,261224489795918	
46208	47390,625	1859	-0,55421686746988	2093	2,26506024096386	1250	9,60240963855422	576	-0,353157572041692	3328	-2,04046597179644	-16512	10,1238503985285	33	2,22900763358779	-146	-0,50381679389313	175	-2,67175572519084	102	0,0927272727272727	559	-0,508181818181818	-249	-0,254081632653061	
46848	47410,15625	1862	-0,481927710843373	2087	2,2289156626506	1248	9,62650602409639	384	-0,235438381361128	3456	-2,11894543225015	-16704	10,2415695892091	161	1,45038167938931	-95	-2,45801526717557	176	-2,68702290076336	106	0,0963636363636364	549	-0,499090909090909	-250	-0,255102040816327	
47488	47429,6875	1864	-0,349397590361446	2076	2,20481927710843	1254	9,55421686746988	192	-0,117719190680564	3328	-2,04046597179644	-16704	10,2415695892091	202	0,870229007633588	-57	-3,08396946564885	157	-2,3969465648855	99	0,09	560	-0,509090909090909	-245	-0,25	
48128	47449,21875	1863	-0,349397590361446	2076	2,21686746987952	1251	9,59036144578313	64	-0,0392397302268547	3264	-2,00122624156959	-16640	10,2023298589822	68	1,06870229007634	-70	-1,0381679389313	150	-2,29007633587786	107	0,0972727272727273	564	-0,512727272727273	-249	-0,254081632653061	
48768	47468,75	1863	-0,373493975903614	2078	2,21686746987952	1255	9,54216867469879	128	-0,0784794604537094	3456	-2,11894543225015	-16448	10,0846106683017	-64	1,46564885496183	-96	0,977099236641221	147	-2,24427480916031	100	0,0909090909090909	553	-0,502727272727273	-243	-0,247959183673469	
49408	47488,28125	1860	-0,433734939759036	2083	2,25301204819277	1254	9,55421686746988	256	-0,156958920907419	3200	-1,96198651134273	-16448	10,0846106683017	-135	1,66412213740458	-109	2,06106870229008	142	-2,16793893129771	93	0,0845454545454545	573	-0,520909090909091	-250	-0,255102040816327	
50048	47507,8125	1858	-0,469879518072289	2086	2,27710843373494	1255	9,54216867469879	256	-0,156958920907419	3392	-2,0797057020233	-16576	10,1630901287554	-186	1,75572519083969	-115	2,83969465648855	163	-2,48854961832061	92	0,0836363636363636	590	-0,536363636363636	-250	-0,255102040816327	
50688	47527,34375	1861	-0,530120481927711	2091	2,24096385542169	1257	9,51807228915663	576	-0,353157572041692	3392	-2,0797057020233	-16384	10,0453709380748	-207	0,900763358778626	-59	3,16030534351145	172	-2,62595419847328	106	0,0963636363636364	548	-0,498181818181818	-246	-0,251020408163265	
51328	47546,875	1865	-0,433734939759036	2083	2,19277108433735	1261	9,46987951807229	448	-0,274678111587983	3264	-2,00122624156959	-16256	9,96689147762109	-106	0,259541984732824	-17	1,61832061068702	130	-1,98473282442748	95	0,0863636363636364	558	-0,507272727272727	-258	-0,263265306122449	
51968	47566,40625	1863	-0,421686746987952	2082	2,21686746987952	1254	9,55421686746988	256	-0,156958920907419	3072	-1,88350705088903	-16448	10,0846106683017	-15	0,763358778625954	-50	0,229007633587786	124	-1,89312977099237	108	0,0981818181818182	548	-0,498181818181818	-248	-0,253061224489796	
52608	47585,9375	1862	-0,385542168674699	2079	2,2289156626506	1260	9,48192771084337	192	-0,117719190680564	3392	-2,0797057020233	-16384	10,0453709380748	-29	1,22137404580153	-80	0,442748091603053	97	-1,48091603053435	98	0,0890909090909091	561	-0,51	-246	-0,251020408163265	
53248	47605,46875	1867	-0,493975903614458	2088	2,16867469879518	1268	9,3855421686747	384	-0,235438381361128	3264	-2,00122624156959	-16064	9,84917228694053	-59	0,198473282442748	-13	0,900763358778626	103	-1,57251908396947	94	0,0854545454545455	562	-0,510909090909091	-255	-0,260204081632653	
53888	47625	1867	-0,433734939759036	2083	2,16867469879518	1260	9,48192771084337	256	-0,156958920907419	3136	-1,92274678111588	-16448	10,0846106683017	-27	0,213740458015267	-14	0,412213740458015	91	-1,38931297709924	100	0,0909090909090909	547	-0,497272727272727	-246	-0,251020408163265	
54528	47644,53125	1866	-0,325301204819277	2074	2,18072289156627	1259	9,49397590361446	64	-0,0392397302268547	3136	-1,92274678111588	-16384	10,0453709380748	-10	0,854961832061069	-56	0,152671755725191	43	-0,656488549618321	98	0,0890909090909091	567	-0,515454545454546	-252	-0,257142857142857	
55168	47664,0625	1862	-0,457831325301205	2085	2,2289156626506	1262	9,45783132530121	320	-0,196198651134273	3328	-2,04046597179644	-16256	9,96689147762109	-82	1,02290076335878	-67	1,25190839694656	39	-0,595419847328244	105	0,0954545454545455	548	-0,498181818181818	-242	-0,246938775510204	
55808	47683,59375	1862	-0,55421686746988	2093	2,2289156626506	1266	9,40963855421687	384	-0,235438381361128	3264	-2,00122624156959	-16192	9,92765174739424	-96	0,732824427480916	-48	1,46564885496183	58	-0,885496183206107	99	0,09	549	-0,499090909090909	-243	-0,247959183673469	
56448	47703,125	1864	-0,55421686746988	2093	2,20481927710843	1264	9,43373493975904	576	-0,353157572041692	3200	-1,96198651134273	-16128	9,88841201716738	-18	0,198473282442748	-13	0,274809160305344	45	-0,687022900763359	105	0,0954545454545455	546	-0,496363636363636	-246	-0,251020408163265	
57088	47722,65625	1863	-0,493975903614458	2088	2,21686746987952	1263	9,44578313253012	384	-0,235438381361128	3392	-2,0797057020233	-16256	9,96689147762109	107	0,396946564885496	-26	-1,63358778625954	51	-0,778625954198473	103	0,0936363636363636	547	-0,497272727272727	-242	-0,246938775510204	
57728	47742,1875	1861	-0,385542168674699	2079	2,24096385542169	1257	9,51807228915663	256	-0,156958920907419	3328	-2,04046597179644	-16320	10,0061312078479	118	1,22137404580153	-80	-1,80152671755725	40	-0,610687022900763	108	0,0981818181818182	563	-0,511818181818182	-248	-0,253061224489796	
58368	47761,71875	1860	-0,433734939759036	2083	2,25301204819277	1256	9,53012048192771	192	-0,117719190680564	3392	-2,0797057020233	-16384	10,0453709380748	-8	1,38931297709924	-91	0,122137404580153	68	-1,0381679389313	106	0,0963636363636364	548	-0,498181818181818	-247	-0,252040816326531	
59008	47781,25	1853	-0,614457831325301	2098	2,33734939759036	1257	9,51807228915663	512	-0,313917841814838	3584	-2,19742489270386	-16512	10,1238503985285	-102	1,25190839694656	-82	1,55725190839695	73	-1,11450381679389	99	0,09	571	-0,519090909090909	-248	-0,253061224489796	
59648	47800,78125	1844	-0,698795180722892	2105	2,44578313253012	1253	9,56626506024096	832	-0,510116492949111	3392	-2,0797057020233	-16512	10,1238503985285	-32	0,549618320610687	-36	0,488549618320611	44	-0,67175572519084	94	0,0854545454545455	568	-0,516363636363636	-253	-0,258163265306122	
60288	47820,3125	1846	-0,63855421686747	2100	2,42168674698795	1251	9,59036144578313	512	-0,313917841814838	3776	-2,31514408338443	-16512	10,1238503985285	258	-0,244274809160305	16	-3,93893129770992	25	-0,381679389312977	94	0,0854545454545455	565	-0,513636363636364	-246	-0,251020408163265	
60928	47839,84375	1857	-0,506024096385542	2089	2,28915662650602	1262	9,45783132530121	576	-0,353157572041692	3456	-2,11894543225015	-16256	9,96689147762109	387	-2,56488549618321	168	-5,90839694656488	7	-0,106870229007634	95	0,0863636363636364	567	-0,515454545454546	-249	-0,254081632653061	
61568	47859,375	1866	-0,325301204819277	2074	2,18072289156627	1264	9,43373493975904	192	-0,117719190680564	3520	-2,15818516247701	-16384	10,0453709380748	314	-2,21374045801527	145	-4,79389312977099	21	-0,320610687022901	106	0,0963636363636364	546	-0,496363636363636	-249	-0,254081632653061	
62208	47878,90625	1862	-0,409638554216868	2081	2,2289156626506	1265	9,42168674698795	128	-0,0784794604537094	3328	-2,04046597179644	-16256	9,96689147762109	39	-0,625954198473282	41	-0,595419847328244	67	-1,02290076335878	101	0,0918181818181818	578	-0,525454545454546	-251	-0,256122448979592	
62848	47898,4375	1866	-0,590361445783133	2096	2,18072289156627	1270	9,36144578313253	640	-0,392397302268547	3328	-2,04046597179644	-16064	9,84917228694053	-211	0,0305343511450382	-2	3,22137404580153	92	-1,40458015267176	106	0,0963636363636364	561	-0,51	-249	-0,254081632653061	
63488	47917,96875	1867	-0,759036144578313	2110	2,16867469879518	1263	9,44578313253012	768	-0,470876762722256	3136	-1,92274678111588	-16320	10,0061312078479	-188	0,702290076335878	-46	2,87022900763359	118	-1,80152671755725	90	0,0818181818181818	593	-0,539090909090909	-251	-0,256122448979592	
64128	47937,5	1852	-0,518072289156627	2090	2,34939759036145	1258	9,50602409638554	384	-0,235438381361128	3392	-2,0797057020233	-16384	10,0453709380748	-75	2,16793893129771	-142	1,14503816793893	142	-2,16793893129771	99	0,09	563	-0,511818181818182	-245	-0,25	
64768	47957,03125	1859	-0,578313253012048	2095	2,26506024096386	1256	9,53012048192771	512	-0,313917841814838	3392	-2,0797057020233	-16320	10,0061312078479	-97	0,595419847328244	-39	1,48091603053435	208	-3,17557251908397	103	0,0936363636363636	562	-0,510909090909091	-254	-0,259183673469388	
65408	47976,5625	1861	-0,421686746987952	2082	2,24096385542169	1258	9,50602409638554	256	-0,156958920907419	3328	-2,04046597179644	-16320	10,0061312078479	-60	0,610687022900763	-40	0,916030534351145	210	-3,20610687022901	100	0,0909090909090909	555	-0,504545454545455	-247	-0,252040816326531	
512	47996,09375	1862	-0,409638554216868	2081	2,2289156626506	1259	9,49397590361446	128	-0,0784794604537094	3392	-2,0797057020233	-16320	10,0061312078479	-65	1,19083969465649	-78	0,99236641221374	230	-3,51145038167939	98	0,0890909090909091	565	-0,513636363636364	-247	-0,252040816326531	
1152	48015,625	1865	-0,433734939759036	2083	2,19277108433735	1253	9,56626506024096	320	-0,196198651134273	3200	-1,96198651134273	-16512	10,1238503985285	-132	0,641221374045801	-42	2,01526717557252	187	-2,85496183206107	101	0,0918181818181818	550	-0,5	-239	-0,243877551020408	
1792	48035,15625	1861	-0,445783132530121	2084	2,24096385542169	1258	9,50602409638554	384	-0,235438381361128	3264	-2,00122624156959	-16448	10,0846106683017	-157	1,54198473282443	-101	2,3969465648855	165	-2,51908396946565	93	0,0845454545454545	559	-0,508181818181818	-248	-0,253061224489796	
2432	48054,6875	1865	-0,530120481927711	2091	2,19277108433735	1265	9,42168674698795	384	-0,235438381361128	3264	-2,00122624156959	-16192	9,92765174739424	-126	0,564885496183206	-37	1,9236641221374	149	-2,27480916030534	87	0,0790909090909091	566	-0,514545454545455	-254	-0,259183673469388	
3072	48074,21875	1859	-0,397590361445783	2080	2,26506024096386	1260	9,48192771084337	320	-0,196198651134273	3456	-2,11894543225015	-16512	10,1238503985285	-84	0,656488549618321	-43	1,2824427480916	136	-2,0763358778626	96	0,0872727272727273	554	-0,503636363636364	-249	-0,254081632653061	
3712	48093,75	1859	-0,445783132530121	2084	2,26506024096386	1260	9,48192771084337	384	-0,235438381361128	3392	-2,0797057020233	-16320	10,0061312078479	-66	0,702290076335878	-46	1,00763358778626	123	-1,87786259541985	100	0,0909090909090909	568	-0,516363636363636	-250	-0,255102040816327	
4352	48113,28125	1864	-0,433734939759036	2083	2,20481927710843	1263	9,44578313253012	320	-0,196198651134273	3264	-2,00122624156959	-16192	9,92765174739424	-83	0,412213740458015	-27	1,26717557251908	124	-1,89312977099237	93	0,0845454545454545	563	-0,511818181818182	-254	-0,259183673469388	
4992	48132,8125	1864	-0,530120481927711	2091	2,20481927710843	1263	9,44578313253012	448	-0,274678111587983	3136	-1,92274678111588	-16320	10,0061312078479	-114	0,580152671755725	-38	1,74045801526718	95	-1,45038167938931	97	0,0881818181818182	549	-0,499090909090909	-246	-0,251020408163265	
5632	48152,34375	1867	-0,457831325301205	2085	2,16867469879518	1264	9,43373493975904	448	-0,274678111587983	3264	-2,00122624156959	-16192	9,92765174739424	-25	0,534351145038168	-35	0,381679389312977	69	-1,05343511450382	99	0,09	565	-0,513636363636364	-247	-0,252040816326531	
6272	48171,875	1867	-0,481927710843373	2087	2,16867469879518	1265	9,42168674698795	448	-0,274678111587983	3200	-1,96198651134273	-16256	9,96689147762109	9	0,0763358778625954	-5	-0,137404580152672	54	-0,82442748091603	103	0,0936363636363636	550	-0,5	-244	-0,248979591836735	
6912	48191,40625	1867	-0,518072289156627	2090	2,16867469879518	1262	9,45783132530121	448	-0,274678111587983	3136	-1,92274678111588	-16256	9,96689147762109	10	0,870229007633588	-57	-0,152671755725191	53	-0,809160305343511	97	0,0881818181818182	549	-0,499090909090909	-244	-0,248979591836735	
7552	48210,9375	1869	-0,55421686746988	2093	2,14457831325301	1258	9,50602409638554	512	-0,313917841814838	3136	-1,92274678111588	-16320	10,0061312078479	-27	0,50381679389313	-33	0,412213740458015	47	-0,717557251908397	105	0,0954545454545455	551	-0,500909090909091	-251	-0,256122448979592	
8192	48230,46875	1866	-0,55421686746988	2093	2,18072289156627	1257	9,51807228915663	512	-0,313917841814838	3136	-1,92274678111588	-16192	9,92765174739424	5	1,63358778625954	-107	-0,0763358778625954	95	-1,45038167938931	103	0,0936363636363636	549	-0,499090909090909	-242	-0,246938775510204	
8832	48250	1864	-0,55421686746988	2093	2,20481927710843	1254	9,55421686746988	576	-0,353157572041692	3136	-1,92274678111588	-16448	10,0846106683017	6	1,20610687022901	-79	-0,0916030534351145	110	-1,6793893129771	99	0,09	565	-0,513636363636364	-254	-0,259183673469388	
9472	48269,53125	1859	-0,506024096385542	2089	2,26506024096386	1257	9,51807228915663	512	-0,313917841814838	3392	-2,0797057020233	-16512	10,1238503985285	72	1,25190839694656	-82	-1,09923664122137	121	-1,84732824427481	102	0,0927272727272727	552	-0,501818181818182	-248	-0,253061224489796	
10112	48289,0625	1866	-0,457831325301205	2085	2,18072289156627	1260	9,48192771084337	320	-0,196198651134273	3072	-1,88350705088903	-16192	9,92765174739424	124	-0,0610687022900763	4	-1,89312977099237	84	-1,2824427480916	99	0,09	573	-0,520909090909091	-253	-0,258163265306122	
10752	48308,59375	1863	-0,337349397590361	2075	2,21686746987952	1255	9,54216867469879	0	0	3264	-2,00122624156959	-16576	10,1630901287554	139	-0,0152671755725191	1	-2,12213740458015	45	-0,687022900763359	103	0,0936363636363636	563	-0,511818181818182	-254	-0,259183673469388	
